Date,Ticker,predicted_alpha,actual_alpha
2024-01-10,NYKAA_NS,0.004989705979824,-0.2312158495187759
2024-01-10,M_MFIN_NS,0.0076145343482494,0.0382897369563579
2024-01-10,M_M_NS,0.0038103167898952,0.004574557300657
2024-01-10,NATIONALUM_NS,0.0070337611250579,0.0807952210307121
2024-01-10,NAUKRI_NS,0.0067213256843388,0.0240478888154029
2024-01-10,NESTLEIND_NS,0.0069621913135051,-0.0357297956943511
2024-01-10,NHPC_NS,0.0068277330137789,0.0912055149674415
2024-01-10,NMDC_NS,0.0065038301981985,0.0766075402498245
2024-01-10,NTPC_NS,0.0059069842100143,-0.0483530089259147
2024-01-10,OBEROIRLTY_NS,0.0051970616914331,-0.0914345532655716
2024-01-10,PIIND_NS,-0.0007656937232241,0.0
2024-01-10,OIL_NS,0.0064544300548732,0.0555261671543121
2024-01-10,ONGC_NS,0.008718897588551,0.0
2024-01-10,PAGEIND_NS,0.004204458091408,0.0094640888273715
2024-01-10,PATANJALI_NS,0.006124208215624,-0.0510067008435726
2024-01-10,PAYTM_NS,0.0057439603842794,-0.4469287693500519
2024-01-10,PERSISTENT_NS,0.0051840976811945,0.0662121698260307
2024-01-10,PFC_NS,0.0014701938489452,0.0328627601265907
2024-01-10,PHOENIXLTD_NS,0.0065141171216964,0.0725783929228782
2024-01-10,PIDILITIND_NS,0.0078522758558392,0.0018059107242152
2024-01-10,MUTHOOTFIN_NS,0.0068115349858999,-0.1376985162496566
2024-01-10,OFSS_NS,0.0069097587838768,0.404970109462738
2024-01-10,MRF_NS,0.0058569000102579,0.0747238025069236
2024-01-10,JUBLFOOD_NS,-0.0017503089038655,-0.0582142323255538
2024-01-10,MOTILALOFS_NS,-0.0097611267119646,0.2605098783969879
2024-01-10,PNB_NS,0.00636364845559,0.1819512248039245
2024-01-10,KALYANKJIL_NS,0.0065072062425315,-0.0064569893293082
2024-01-10,KEI_NS,0.0080709923058748,0.0197448246181011
2024-01-10,KOTAKBANK_NS,0.0024583805352449,-0.1063545420765876
2024-01-10,KPITTECH_NS,0.006237675435841,0.0069712297990918
2024-01-10,LAURUSLABS_NS,0.0084287393838167,-0.1013060584664344
2024-01-10,LENSKART_NS,-0.0041842591017484,-0.0030075134709477
2024-01-10,LGEINDIA_NS,-0.0041842591017484,-0.0030075134709477
2024-01-10,LICHSGFIN_NS,0.0066617527045309,0.038967490196228
2024-01-10,LODHA_NS,0.0085105979815125,-0.0553371086716651
2024-01-10,MPHASIS_NS,0.0029893363825976,-0.0862954407930374
2024-01-10,LTF_NS,0.0070769828744232,0.0030075134709477
2024-01-10,LT_NS,0.005143669899553,-0.0820280984044075
2024-01-10,LUPIN_NS,0.008063580840826,0.0953808203339576
2024-01-10,MANKIND_NS,0.0023980122059583,0.0
2024-01-10,MARICO_NS,0.0062306127510964,0.0
2024-01-10,MARUTI_NS,0.0025080647319555,0.055327720940113
2024-01-10,MAXHEALTH_NS,0.0068774297833442,0.0452268756926059
2024-01-10,MAZDOCK_NS,0.0089676193892955,-0.0062569044530391
2024-01-10,MCX_NS,0.0037608020938932,0.0808832421898841
2024-01-10,MFSL_NS,-0.0005332798464223,-0.0161867775022983
2024-01-10,MOTHERSON_NS,0.0084520615637302,0.0347603820264339
2024-01-10,LTM_NS,-0.0041842591017484,-0.0030075134709477
2024-01-10,POLICYBZR_NS,0.0052681532688438,0.1236248537898063
2024-01-10,TATACOMM_NS,0.0051702633500099,0.0035240231081843
2024-01-10,POWERGRID_NS,0.0062974914908409,0.0554759800434112
2024-01-10,TCS_NS,0.0035431468859314,0.0086934994906187
2024-01-10,TECHM_NS,0.0045383903197944,-0.0415334105491638
2024-01-10,TIINDIA_NS,0.0069877230562269,-0.1242923438549041
2024-01-10,TITAN_NS,0.0068563339300453,0.001827530330047
2024-01-10,TMCV_NS,-0.0041842591017484,-0.0030075134709477
2024-01-10,TMPV_NS,-0.0041842591017484,-0.0030075134709477
2024-01-10,TORNTPHARM_NS,0.006255003158003,0.084772914648056
2024-01-10,TRENT_NS,0.0036520301364362,0.217903733253479
2024-01-10,TVSMOTOR_NS,0.0040910644456744,-0.004574557300657
2024-01-10,ULTRACEMCO_NS,0.0041732899844646,-0.0091870799660682
2024-01-10,UNIONBANK_NS,0.006266607902944,0.0811152905225753
2024-01-10,UNITDSPR_NS,-0.0041842591017484,0.0115477200597524
2024-01-10,UPL_NS,0.001896635745652,-0.1813859939575195
2024-01-10,VBL_NS,0.0072559062391519,0.1023910269141197
2024-01-10,VEDL_NS,0.0070437691174447,-0.0064315819181501
2024-01-10,VMM_NS,-0.0041842591017484,-0.0030075134709477
2024-01-10,VOLTAS_NS,0.004225019365549,0.1068059355020523
2024-01-10,WAAREEENER_NS,-0.0041842591017484,-0.0030075134709477
2024-01-10,WIPRO_NS,0.0059919729828834,0.0
2024-01-10,YESBANK_NS,0.0071941092610359,0.0608745589852333
2024-01-10,JSWSTEEL_NS,0.0002764697419479,-0.0328424908220768
2024-01-10,TATASTEEL_NS,0.0043685622513294,0.0137684000656008
2024-01-10,TATAPOWER_NS,0.006337497383356,-0.023889023810625
2024-01-10,TATAINVEST_NS,0.0054435292258858,0.1977789252996444
2024-01-10,TATAELXSI_NS,0.0042679407633841,-0.2573786377906799
2024-01-10,POWERINDIA_NS,0.0075394213199615,0.0080547155812382
2024-01-10,PREMIERENE_NS,-0.0041842591017484,-0.0030075134709477
2024-01-10,PRESTIGE_NS,0.0063322717323899,-0.1082518994808197
2024-01-10,RADICO_NS,0.0061094784177839,0.0374112203717231
2024-01-10,RECLTD_NS,0.0041138096712529,0.0251515880227088
2024-01-10,RELIANCE_NS,0.0067392373457551,-0.1037813201546669
2024-01-10,RVNL_NS,0.0076177129521965,0.1409716159105301
2024-01-10,SAIL_NS,0.0058461362496018,0.0542408265173435
2024-01-10,SBICARD_NS,0.0066138990223407,-0.0302457604557275
2024-01-10,SBILIFE_NS,0.0050176330842077,0.0302457604557275
2024-01-10,POLYCAB_NS,-0.0088181160390377,-0.0763422697782516
2024-01-10,SBIN_NS,0.0009062025928869,0.086456075310707
2024-01-10,SHRIRAMFIN_NS,0.0082730436697602,0.0053474102169275
2024-01-10,SIEMENS_NS,0.0065667484886944,0.05915442481637
2024-01-10,SOLARINDS_NS,0.0060780271887779,0.0348642542958259
2024-01-10,SRF_NS,0.0018921849550679,0.0142161585390567
2024-01-10,SUNPHARMA_NS,0.0076349712908267,0.1216244623064994
2024-01-10,SUPREMEIND_NS,0.0044024907983839,-0.0436818189918994
2024-01-10,SUZLON_NS,0.0066033033654093,0.029745290055871
2024-01-10,SWIGGY_NS,-0.0041842591017484,-0.0030075134709477
2024-01-10,TATACAP_NS,-0.0041842591017484,-0.0030075134709477
2024-01-10,TATACONSUM_NS,0.0074299909174442,0.0189264584332704
2024-01-10,SHREECEM_NS,-0.0019741561263799,-0.0107711190357804
2024-01-10,ZYDUSLIFE_NS,0.0081800948828458,0.1612075567245483
2024-01-10,JSWENERGY_NS,0.0053833867423236,0.0004196430381853
2024-01-10,JINDALSTEL_NS,0.0063719591125845,0.0064130993559956
2024-01-10,BDL_NS,0.005090688355267,-0.0253331493586301
2024-01-10,BEL_NS,0.0060975146479904,-0.0107783395797014
2024-01-10,BHARATFORG_NS,0.007030255626887,-0.139022946357727
2024-01-10,BHARTIARTL_NS,0.0050065508112311,0.051103051751852
2024-01-10,BHEL_NS,0.0051542557775974,0.1281846910715103
2024-01-10,BIOCON_NS,0.0087668681517243,-0.0847631022334098
2024-01-10,BLUESTARCO_NS,0.004134779330343,0.2178562730550766
2024-01-10,BOSCHLTD_NS,0.0071160155348479,0.0975069776177406
2024-01-10,BPCL_NS,0.0043608350679278,0.073349505662918
2024-01-10,BRITANNIA_NS,0.0059577524662017,-0.0116115659475326
2024-01-10,BSE_NS,0.0040298895910382,-0.0053474102169275
2024-01-10,CANBK_NS,0.0051681846380233,0.1523862928152084
2024-01-10,CGPOWER_NS,0.0073240287601947,-0.0147629007697105
2024-01-10,CHOLAFIN_NS,0.0036469092592597,-0.1477261185646057
2024-01-10,CIPLA_NS,0.0079719256609678,0.0454807169735431
2024-01-10,COALINDIA_NS,0.0066491151228547,0.0577587224543094
2024-01-10,COCHINSHIP_NS,0.006632796023041,0.0534431934356689
2024-01-10,COFORGE_NS,0.0036263102665543,-0.0192250646650791
2024-01-10,COLPAL_NS,0.0065357042476534,0.0599750876426696
2024-01-10,CONCOR_NS,0.0046312008053064,0.0236826203763484
2024-01-10,COROMANDEL_NS,0.001206211396493,-0.0802752822637558
2024-01-10,BANKBARODA_NS,0.0042769401334226,0.0858014225959777
2024-01-10,CUMMINSIND_NS,0.0057422588579356,0.2732287943363189
2024-01-10,BAJFINANCE_NS,0.0063489261083304,-0.2061031460762024
2024-01-10,BAJAJHLDNG_NS,0.0069187581539154,0.0208149328827857
2024-01-10,JIOFIN_NS,0.0070834681391716,0.1161810085177421
2024-01-10,360ONE_NS,0.0048533836379647,-0.0950681120157241
2024-01-10,ABB_NS,0.0056723989546298,-0.0622195303440094
2024-01-10,ABCAPITAL_NS,0.0060653672553598,-0.0096439737826585
2024-01-10,ADANIENSOL_NS,0.0084711946547031,-0.1570812761783599
2024-01-10,ADANIENT_NS,0.0078049805015325,0.0198239013552665
2024-01-10,ADANIGREEN_NS,0.007981888949871,0.0
2024-01-10,ADANIPORTS_NS,0.0057374201714992,0.0182794239372015
2024-01-10,ADANIPOWER_NS,0.0062121786177158,-0.031549971550703
2024-01-10,ALKEM_NS,0.0061312667094171,-0.0251775812357664
2024-01-10,AMBUJACEM_NS,0.0068268487229943,0.0403812490403652
2024-01-10,APLAPOLLO_NS,0.0010545455152168,-0.1581526696681976
2024-01-10,APOLLOHOSP_NS,0.0074077490717172,0.0
2024-01-10,ASHOKLEY_NS,0.006461058743298,-0.0352932773530483
2024-01-10,ASIANPAINT_NS,0.0033890600316226,-0.0905316174030304
2024-01-10,ASTRAL_NS,0.002003033645451,0.0
2024-01-10,ATGL_NS,0.0071331756189465,-0.0447477959096431
2024-01-10,AUBANK_NS,0.0076559502631425,-0.3048188984394073
2024-01-10,AUROPHARMA_NS,0.0078817177563905,-0.1284580677747726
2024-01-10,AXISBANK_NS,0.0057103144936263,-0.099320039153099
2024-01-10,BAJAJFINSV_NS,0.0040183085948228,-0.1208056509494781
2024-01-10,BAJAJ_AUTO_NS,0.006429465021938,0.1013891845941543
2024-01-10,DABUR_NS,0.005329115781933,-0.0083809569478034
2024-01-10,BANKINDIA_NS,0.0086466241627931,0.0402421467006206
2024-01-10,DIXON_NS,0.0043277135118842,0.0280603822320699
2024-01-10,HINDALCO_NS,0.0046937186270952,-0.0064130993559956
2024-01-10,HINDPETRO_NS,0.0067854220978915,-0.0141298733651638
2024-01-10,HINDUNILVR_NS,0.0056007951498031,-0.0657619759440422
2024-01-10,HINDZINC_NS,0.0054529537446796,-0.0391589738428592
2024-01-10,HUDCO_NS,0.0068937079049646,0.3709041774272918
2024-01-10,HYUNDAI_NS,-0.0041842591017484,-0.0030075134709477
2024-01-10,ICICIAMC_NS,-0.0041842591017484,-0.0030075134709477
2024-01-10,ICICIBANK_NS,0.0015904904576018,-0.0402421467006206
2024-01-10,IDEA_NS,0.0062725841999053,-0.1114770993590354
2024-01-10,IDFCFIRSTB_NS,0.0041992771439254,-0.1009582057595253
2024-01-10,HEROMOTOCO_NS,0.0052361208945512,0.1124571934342384
2024-01-10,INDHOTEL_NS,0.0062405010685324,0.1831191927194595
2024-01-10,INDIGO_NS,0.0056535489857196,-0.0092400852590799
2024-01-10,INDUSINDBK_NS,0.0063332696445286,-0.1685003489255905
2024-01-10,INDUSTOWER_NS,0.0071974974125623,-0.0035240231081843
2024-01-10,INFY_NS,0.0059335874393582,-0.0022099886555224
2024-01-10,IOC_NS,0.005473896395415,0.0997987538576126
2024-01-10,IRCTC_NS,0.0080313757061958,-0.0553159937262535
2024-01-10,IREDA_NS,0.0044241538271307,0.5038216710090637
2024-01-10,IRFC_NS,0.0056901155039668,0.2049623429775238
2024-01-10,DIVISLAB_NS,0.0049641239456832,-0.0734627693891525
2024-01-10,ITC_NS,0.0077947499230504,-0.1032367795705795
2024-01-10,INDIANB_NS,0.0046895295381546,0.1229085102677345
2024-01-10,HDFCLIFE_NS,0.0022906372323632,-0.070036694407463
2024-01-10,ICICIGI_NS,0.0025293640792369,0.1925680190324783
2024-01-10,DMART_NS,-0.0017654470866546,-0.001827530330047
2024-01-10,DLF_NS,0.0069293174892663,0.0553371086716651
2024-01-10,HDFCBANK_NS,0.0036130128428339,-0.2183797359466552
2024-01-10,DRREDDY_NS,0.0035162051208317,0.0592718198895454
2024-01-10,EICHERMOT_NS,0.0021909815259277,-0.0046213907189667
2024-01-10,ENRIN_NS,-0.0041842591017484,-0.0030075134709477
2024-01-10,ETERNAL_NS,0.0075072525069117,0.1299667954444885
2024-01-10,EXIDEIND_NS,0.0071155033074319,-0.0109979528933763
2024-01-10,FORTIS_NS,0.0074120694771409,-0.1144168227910995
2024-01-10,GAIL_NS,0.0070465812459588,-0.1112188622355461
2024-01-10,GLENMARK_NS,0.0087006175890564,-0.0873457714915275
2024-01-10,GMRAIRPORT_NS,0.007785115391016,-0.0182794239372015
2024-01-10,FEDERALBNK_NS,0.0047624306753277,-0.0774945393204689
2024-01-10,GODREJCP_NS,0.0074771456420421,0.0612009949982166
2024-01-10,HDFCAMC_NS,0.0079398415982723,0.0118378493934869
2024-01-10,GODFRYPHLP_NS,0.0087894303724169,0.1586595922708511
2024-01-10,HAVELLS_NS,0.0082832295447587,0.0062569044530391
2024-01-10,HAL_NS,0.0050738407298922,-0.0121937217190861
2024-01-10,GVT_D_NS,0.007723243907094,0.2632646262645721
2024-01-10,HCLTECH_NS,0.004802000708878,0.0160771645605564
2024-01-10,GRASIM_NS,0.0039073964580893,0.0091870799660682
2024-01-10,GODREJPROP_NS,0.0076330443844199,0.0625212267041206
2024-01-10,GROWW_NS,-0.0041842591017484,-0.0030075134709477
2024-02-12,NTPC_NS,0.0065725962631404,0.0455024093389511
2024-02-12,NMDC_NS,0.0059824571944773,-0.0638913288712501
2024-02-12,NHPC_NS,0.0080371489748358,0.0050228275358676
2024-02-12,M_MFIN_NS,0.0078628752380609,-0.0592888109385967
2024-02-12,NAUKRI_NS,0.0042308731935918,-0.0533743426203727
2024-02-12,NATIONALUM_NS,0.0075204623863101,-0.0136064551770687
2024-02-12,M_M_NS,0.0067057982087135,0.1240583807229995
2024-02-12,NYKAA_NS,0.0020799194462597,-0.0005914396024309
2024-02-12,NESTLEIND_NS,0.0036790869198739,0.0547725372016429
2024-02-12,OBEROIRLTY_NS,-0.0023563466966152,0.0001015269808704
2024-02-12,PATANJALI_NS,0.0057629835791885,-0.145509123802185
2024-02-12,OIL_NS,0.0074711423367261,0.202484056353569
2024-02-12,ONGC_NS,0.0076501732692122,0.0051857898943126
2024-02-12,PAGEIND_NS,0.003595589660108,-0.0828563049435615
2024-02-12,PAYTM_NS,-0.0131792165338993,-0.2108476012945175
2024-02-12,PERSISTENT_NS,0.0063097719103097,-0.0365818478167057
2024-02-12,PFC_NS,0.0069329803809523,-0.0330618992447853
2024-02-12,PHOENIXLTD_NS,0.0066231959499418,-0.0008965606102719
2024-02-12,PIDILITIND_NS,-0.0016954716993495,0.0130840903148055
2024-02-12,PIIND_NS,0.0068009351380169,0.0098308147862553
2024-02-12,OFSS_NS,0.0068380092270672,0.1417145729064941
2024-02-12,MUTHOOTFIN_NS,0.004211310762912,0.0229095686227083
2024-02-12,KALYANKJIL_NS,0.0016354882391169,0.0435119271278381
2024-02-12,MPHASIS_NS,0.0052354200743138,-0.058720164000988
2024-02-12,PNB_NS,0.0076697720214724,-0.0074433148838579
2024-02-12,KEI_NS,0.0050211567431688,-0.0691226422786712
2024-02-12,KOTAKBANK_NS,0.0016451199771836,-0.0004526358388829
2024-02-12,KPITTECH_NS,0.0011571190552785,-0.1556822657585144
2024-02-12,LAURUSLABS_NS,-0.0019726948812603,0.0188517346978187
2024-02-12,LENSKART_NS,-0.0041724871844053,0.0
2024-02-12,LGEINDIA_NS,-0.0041724871844053,0.0
2024-02-12,LICHSGFIN_NS,0.0076834019273519,-0.0261323768645524
2024-02-12,LODHA_NS,0.0026182802394032,0.004487520083785
2024-02-12,LTF_NS,0.0070021920837461,-0.1219896599650383
2024-02-12,MRF_NS,0.0030640363693237,-0.0195700284093618
2024-02-12,LTM_NS,-0.0041724871844053,0.0
2024-02-12,LUPIN_NS,0.0085232201963663,0.0
2024-02-12,MANKIND_NS,0.0043628434650599,-0.0734615325927734
2024-02-12,MARICO_NS,0.0061817178502678,-0.0414885208010673
2024-02-12,MARUTI_NS,0.005869039800018,0.0755624696612358
2024-02-12,MAXHEALTH_NS,0.008801226504147,-0.0500096641480922
2024-02-12,MAZDOCK_NS,-8.24508024379611e-05,-0.2211888879537582
2024-02-12,MCX_NS,0.005975074134767,-0.0597152598202228
2024-02-12,MFSL_NS,0.007618861272931,0.0127699114382267
2024-02-12,MOTHERSON_NS,0.008374648168683,-0.0234407465904951
2024-02-12,MOTILALOFS_NS,0.0135659808292984,-0.2593836486339569
2024-02-12,LT_NS,-0.0007209194591268,0.1015994995832443
2024-02-12,POLICYBZR_NS,0.0060427193529903,0.1348537355661392
2024-02-12,TATACONSUM_NS,0.0032105729915201,0.052130103111267
2024-02-12,POWERGRID_NS,0.0069326446391642,0.0197492241859436
2024-02-12,TCS_NS,0.0064936140552163,0.0388963669538497
2024-02-12,TECHM_NS,0.0042745526880025,0.0
2024-02-12,TIINDIA_NS,-0.002560403663665,0.0024962988682091
2024-02-12,TITAN_NS,-0.0015054045943543,-0.0147930858656764
2024-02-12,TMCV_NS,-0.0041724871844053,0.0
2024-02-12,TMPV_NS,-0.0041724871844053,0.0
2024-02-12,TORNTPHARM_NS,0.0068582650274038,0.0111092692241072
2024-02-12,TRENT_NS,0.0017189142527058,0.0106554813683032
2024-02-12,TVSMOTOR_NS,0.0055430890060961,0.0668210834264755
2024-02-12,ULTRACEMCO_NS,0.0051924348808825,-0.0151509474962949
2024-02-12,UNIONBANK_NS,0.0070515540428459,0.0007141944370232
2024-02-12,UNITDSPR_NS,-0.0041724871844053,0.0027969344519078
2024-02-12,UPL_NS,0.0018103533657267,-0.0568773038685321
2024-02-12,VBL_NS,0.0072571393102407,0.0060663949698209
2024-02-12,VEDL_NS,0.0055330661125481,-0.0380892679095268
2024-02-12,VMM_NS,-0.0041724871844053,0.0
2024-02-12,VOLTAS_NS,0.0030511943623423,-0.0919833183288574
2024-02-12,WAAREEENER_NS,-0.0041724871844053,0.0
2024-02-12,WIPRO_NS,0.0065953824669122,0.0379178188741207
2024-02-12,YESBANK_NS,0.0043232324533164,-0.3128067553043365
2024-02-12,JUBLFOOD_NS,0.005019306205213,-0.1238503158092498
2024-02-12,TATASTEEL_NS,0.0064517296850681,0.0689083337783813
2024-02-12,TATAPOWER_NS,0.0068179364316165,0.0535602644085884
2024-02-12,TATAINVEST_NS,0.0084964893758296,0.4700539708137512
2024-02-12,TATAELXSI_NS,0.000546760042198,0.0178423095494508
2024-02-12,POWERINDIA_NS,0.0035697608254849,0.0585900954902172
2024-02-12,PREMIERENE_NS,-0.0041724871844053,0.0
2024-02-12,PRESTIGE_NS,0.0009451886871829,-0.0212608017027378
2024-02-12,RADICO_NS,0.0075049810111522,-0.1232609748840332
2024-02-12,RECLTD_NS,0.0075408779084682,0.0122310677543282
2024-02-12,RELIANCE_NS,0.0066674477420747,-0.0133960302919149
2024-02-12,RVNL_NS,0.0025067413225769,0.000706335355062
2024-02-12,SAIL_NS,0.0064638569019734,-0.0013007600791752
2024-02-12,SBICARD_NS,0.0025581661611795,-0.0655590966343879
2024-02-12,SBILIFE_NS,0.006760898977518,0.0089895883575081
2024-02-12,POLYCAB_NS,-0.0088230799883604,0.0341796278953552
2024-02-12,SBIN_NS,0.0043912613764405,0.0420132391154766
2024-02-12,SHRIRAMFIN_NS,0.0060599236749112,0.0492381900548934
2024-02-12,SIEMENS_NS,0.0073600895702838,0.0364857539534568
2024-02-12,SOLARINDS_NS,0.004153648391366,0.0166026279330253
2024-02-12,SRF_NS,0.0042481836862862,0.0
2024-02-12,SUNPHARMA_NS,0.0078143579885363,0.0099559966474771
2024-02-12,SUPREMEIND_NS,0.0035382434725761,-0.1175645887851715
2024-02-12,SUZLON_NS,0.0075766816735267,-0.1863296180963516
2024-02-12,SWIGGY_NS,-0.0041724871844053,0.0
2024-02-12,TATACAP_NS,-0.0041724871844053,0.0
2024-02-12,TATACOMM_NS,0.0071363989263772,0.0226547736674547
2024-02-12,SHREECEM_NS,0.0013030638219788,-0.0899436697363853
2024-02-12,JSWSTEEL_NS,0.0049086464568972,0.0013007600791752
2024-02-12,ZYDUSLIFE_NS,0.007527669891715,0.1172138750553131
2024-02-12,JIOFIN_NS,0.0075820107012987,0.1898452341556549
2024-02-12,BEL_NS,0.0023293192498385,0.024859057739377
2024-02-12,BHARATFORG_NS,0.0053265928290784,0.0126734785735607
2024-02-12,BHARTIARTL_NS,0.0048033902421593,-0.0226547736674547
2024-02-12,BHEL_NS,0.0077007906511425,-0.0220399945974349
2024-02-12,BIOCON_NS,0.0046277991496026,-0.0589880384504795
2024-02-12,BLUESTARCO_NS,0.003131023608148,0.0344260744750499
2024-02-12,BOSCHLTD_NS,0.0079438928514719,0.1357221454381942
2024-02-12,BPCL_NS,0.0081116128712892,0.0128803104162216
2024-02-12,BRITANNIA_NS,0.0022822534665465,-0.020314360037446
2024-02-12,BSE_NS,0.0041095116175711,-0.1372067332267761
2024-02-12,CANBK_NS,0.0079790130257606,-0.029271287843585
2024-02-12,CGPOWER_NS,0.0036113248206675,-0.0121091166511178
2024-02-12,CHOLAFIN_NS,0.0006497335853055,-0.0261205974966287
2024-02-12,CIPLA_NS,0.0083126854151487,0.0194617509841918
2024-02-12,COALINDIA_NS,0.0080203916877508,0.0
2024-02-12,COCHINSHIP_NS,0.0062949862331151,-0.1581581681966781
2024-02-12,COFORGE_NS,0.0053491382859647,-0.0447157211601734
2024-02-12,COLPAL_NS,0.0062707308679819,0.0253038071095943
2024-02-12,CONCOR_NS,0.0048887464217841,-0.0260017309337854
2024-02-12,COROMANDEL_NS,0.0032554124481976,-0.0029212827794253
2024-02-12,CUMMINSIND_NS,0.0080495588481426,-0.01273706369102
2024-02-12,BDL_NS,0.0055943266488611,-0.0771155431866645
2024-02-12,BANKINDIA_NS,0.004859993699938,-0.0124729378148913
2024-02-12,BANKBARODA_NS,0.0062592392787337,0.0119671206921339
2024-02-12,BAJFINANCE_NS,0.0015772302867844,0.0060765570960938
2024-02-12,360ONE_NS,0.0037381504662334,0.0967971011996269
2024-02-12,ABB_NS,0.0006416394608095,0.1732780188322067
2024-02-12,ABCAPITAL_NS,0.0033531081862747,-0.027748828753829
2024-02-12,ADANIENSOL_NS,0.0036256983876228,-0.0949820280075073
2024-02-12,ADANIENT_NS,0.0059608714655041,-0.0868063196539878
2024-02-12,ADANIGREEN_NS,0.0061060236766934,-0.0403346233069896
2024-02-12,ADANIPORTS_NS,0.0053329435177147,-0.000706335355062
2024-02-12,ADANIPOWER_NS,0.0054563335143029,-0.0359546653926372
2024-02-12,ALKEM_NS,0.0030790278688073,-0.03940961509943
2024-02-12,AMBUJACEM_NS,0.0077645238488912,0.0151509474962949
2024-02-12,DABUR_NS,0.0051788059063255,-0.028629969805479
2024-02-12,APLAPOLLO_NS,-2.30761943385005e-05,0.1239618808031082
2024-02-12,ASHOKLEY_NS,0.0070050377398729,-0.0558218732476234
2024-02-12,ASIANPAINT_NS,0.0023537115193903,-0.074814535677433
2024-02-12,ASTRAL_NS,0.0050508393906056,0.0
2024-02-12,ATGL_NS,0.0051666256040334,-0.1607562750577926
2024-02-12,AUBANK_NS,0.0012959708692505,-0.0424717739224433
2024-02-12,AUROPHARMA_NS,-0.0036514294333755,-0.0171118006110191
2024-02-12,AXISBANK_NS,0.0030175135470926,0.0196053367108106
2024-02-12,BAJAJFINSV_NS,0.0026289727538824,0.033586286008358
2024-02-12,BAJAJHLDNG_NS,0.0082848444581031,-0.0060765570960938
2024-02-12,BAJAJ_AUTO_NS,0.006758292671293,0.0684763938188552
2024-02-12,APOLLOHOSP_NS,0.0073627848178148,0.0174000691622495
2024-02-12,DIVISLAB_NS,0.0001050770515576,-0.0778108686208725
2024-02-12,JSWENERGY_NS,0.0046701291576027,-0.0498699583113193
2024-02-12,DLF_NS,0.0051226834766566,0.0515857636928558
2024-02-12,HINDUNILVR_NS,-0.0004223993746563,-0.028302114456892
2024-02-12,HINDZINC_NS,0.005754277575761,0.0031161021906882
2024-02-12,HUDCO_NS,0.0069681904278695,-0.0930094048380851
2024-02-12,HYUNDAI_NS,-0.0041724871844053,0.0
2024-02-12,ICICIAMC_NS,-0.0041724871844053,0.0
2024-02-12,ICICIBANK_NS,0.0059594260528683,0.0724357366561889
2024-02-12,ICICIGI_NS,0.0026397942565381,-0.0089895883575081
2024-02-12,IDEA_NS,0.0039217132143676,-0.2194201350212097
2024-02-12,INDHOTEL_NS,0.0086555713787674,0.0005914396024309
2024-02-12,INDIANB_NS,0.0058139478787779,-0.0087860729545354
2024-02-12,INDIGO_NS,0.0045685810036957,0.0160475447773933
2024-02-12,INDUSINDBK_NS,-0.0034116222523152,0.0255504623055458
2024-02-12,INDUSTOWER_NS,0.006693996489048,0.0352320745587348
2024-02-12,INFY_NS,0.0057934140786528,-0.0096977585926651
2024-02-12,IOC_NS,0.0076675489544868,-0.0705811977386474
2024-02-12,IRCTC_NS,0.0041555296629667,0.009823115542531
2024-02-12,IREDA_NS,0.0042875157669186,-0.2926754355430603
2024-02-12,IRFC_NS,0.0029646144248545,-0.0442494824528694
2024-02-12,ITC_NS,-0.0029339338652789,0.0404235236346721
2024-02-12,JINDALSTEL_NS,0.0063790623098611,0.0518857948482036
2024-02-12,DIXON_NS,0.0006756732473149,0.0259993374347686
2024-02-12,HINDPETRO_NS,0.0078781396150588,-0.0359300151467323
2024-02-12,HINDALCO_NS,0.0037450254894793,-0.1143074110150337
2024-02-12,IDFCFIRSTB_NS,0.004201806616038,-0.0337819717824459
2024-02-12,HDFCLIFE_NS,0.0049918685108423,0.0292071923613548
2024-02-12,HEROMOTOCO_NS,0.0055375043302774,-0.0024962988682091
2024-02-12,DRREDDY_NS,0.0069435364566743,-0.0103604504838585
2024-02-12,EICHERMOT_NS,0.003653060644865,-0.0218739993870258
2024-02-12,ENRIN_NS,-0.0041724871844053,0.0
2024-02-12,ETERNAL_NS,0.0083028152585029,-0.0340585671365261
2024-02-12,EXIDEIND_NS,0.0055727115832269,-0.0735468491911888
2024-02-12,FEDERALBNK_NS,0.0039552333764731,0.0004526358388829
2024-02-12,GAIL_NS,0.0073281787335872,0.0
2024-02-12,GLENMARK_NS,0.0043983338400721,0.0719000473618507
2024-02-12,GMRAIRPORT_NS,0.0030760648660361,-0.0985305234789848
2024-02-12,GODFRYPHLP_NS,0.0086503457278013,0.127385526895523
2024-02-12,FORTIS_NS,0.0069749159738421,0.0
2024-02-12,DMART_NS,0.0048769954591989,0.0504831559956073
2024-02-12,GODREJCP_NS,0.005063499789685,0.0
2024-02-12,HDFCAMC_NS,0.0063955457881093,0.0233727786689996
2024-02-12,HCLTECH_NS,0.0072754239663481,0.0105564314872026
2024-02-12,HAVELLS_NS,-0.0014855529880151,0.0395477786660194
2024-02-12,HAL_NS,0.0041571659967303,0.0121091166511178
2024-02-12,HDFCBANK_NS,-0.0001551922177895,0.0373229086399078
2024-02-12,GROWW_NS,-0.0041724871844053,0.0
2024-02-12,GRASIM_NS,0.0063913646154105,0.023536205291748
2024-02-12,GODREJPROP_NS,0.0041979942470788,-0.0001015269808704
2024-02-12,GVT_D_NS,0.0064537357538938,0.1233472749590873
2024-03-13,NTPC_NS,0.0078825037926435,0.0
2024-03-13,NMDC_NS,0.0049194958992302,-0.0170024279505014
2024-03-13,NHPC_NS,0.0024910378269851,0.0465093590319156
2024-03-13,M_MFIN_NS,0.0062600527890026,0.0461164526641368
2024-03-13,NAUKRI_NS,0.0034647057764232,0.078575998544693
2024-03-13,NATIONALUM_NS,0.0055394484661519,0.1211436092853546
2024-03-13,M_M_NS,0.0048050698824226,0.016808720305562
2024-03-13,NYKAA_NS,0.0066565759479999,0.0879200547933578
2024-03-13,NESTLEIND_NS,0.0055285524576902,-0.0143694095313549
2024-03-13,OBEROIRLTY_NS,0.0076710991561412,-0.0093096876516938
2024-03-13,PATANJALI_NS,-0.0009029404027387,0.0481275580823421
2024-03-13,OIL_NS,0.0063148527406156,0.063597522675991
2024-03-13,ONGC_NS,0.0058334106579422,0.0693379938602447
2024-03-13,PAGEIND_NS,0.0039638672024011,-0.0161877628415823
2024-03-13,PAYTM_NS,0.0040257717482745,0.0456005744636058
2024-03-13,PERSISTENT_NS,-0.0001972307218238,0.013980709016323
2024-03-13,PFC_NS,0.003810400608927,-0.0687638819217681
2024-03-13,PHOENIXLTD_NS,0.0060368012636899,0.0632936209440231
2024-03-13,PIDILITIND_NS,0.0043138838373124,-0.024493996053934
2024-03-13,PIIND_NS,0.0036590751260519,0.0
2024-03-13,OFSS_NS,0.0054149595089256,0.0438610576093196
2024-03-13,MUTHOOTFIN_NS,0.0077868187800049,0.1161903291940689
2024-03-13,KALYANKJIL_NS,0.0053095165640115,-0.0057084206491708
2024-03-13,MPHASIS_NS,0.000744775054045,0.0371124185621738
2024-03-13,PNB_NS,0.0044516725465655,0.0445223674178123
2024-03-13,KEI_NS,0.0076056532561779,0.2091235220432281
2024-03-13,KOTAKBANK_NS,0.0066071543842554,0.0014516880037263
2024-03-13,KPITTECH_NS,0.0011270694667473,0.062387365847826
2024-03-13,LAURUSLABS_NS,0.00544567219913,0.0959993228316307
2024-03-13,LENSKART_NS,-0.0041640517301857,-0.0393810048699379
2024-03-13,LGEINDIA_NS,-0.0041640517301857,-0.0393810048699379
2024-03-13,LICHSGFIN_NS,0.0038096262142062,0.028392095118761
2024-03-13,LODHA_NS,0.0069595747627317,0.0093096876516938
2024-03-13,LTF_NS,0.0012437208788469,0.0509277172386646
2024-03-13,MRF_NS,0.0035985754802823,-0.1408378183841705
2024-03-13,LTM_NS,-0.0041640517301857,-0.0393810048699379
2024-03-13,LUPIN_NS,0.0066665024496614,0.0
2024-03-13,MANKIND_NS,0.0048595746047794,0.0939791575074195
2024-03-13,MARICO_NS,0.0051496583037078,0.0238983631134033
2024-03-13,MARUTI_NS,0.005287489388138,0.0185120049864053
2024-03-13,MAXHEALTH_NS,-0.0024797390215098,0.0
2024-03-13,MAZDOCK_NS,0.0058718672953546,0.0201280694454908
2024-03-13,MCX_NS,0.0039958409033715,0.0800570473074913
2024-03-13,MFSL_NS,0.006883495952934,-0.0228655841201543
2024-03-13,MOTHERSON_NS,0.006535355001688,0.0453152060508728
2024-03-13,MOTILALOFS_NS,0.0106938034296035,0.3298388421535492
2024-03-13,LT_NS,0.0056060659699141,-0.0830261260271072
2024-03-13,POLICYBZR_NS,0.0070617124438285,0.0947892889380455
2024-03-13,TATACONSUM_NS,0.0075302589684724,-0.03741892054677
2024-03-13,POWERGRID_NS,0.0068749352358281,-0.0709600299596786
2024-03-13,TCS_NS,0.005770313553512,-0.0030348564032465
2024-03-13,TECHM_NS,0.005736512131989,0.0
2024-03-13,TIINDIA_NS,0.0049287024885416,-0.0556774996221065
2024-03-13,TITAN_NS,0.0062947780825197,-0.0578020587563514
2024-03-13,TMCV_NS,-0.0041640517301857,-0.0393810048699379
2024-03-13,TMPV_NS,-0.0041640517301857,-0.0393810048699379
2024-03-13,TORNTPHARM_NS,0.0075599858537316,-0.0535368919372558
2024-03-13,TRENT_NS,0.002150785177946,-0.0522261150181293
2024-03-13,TVSMOTOR_NS,0.007824944332242,-0.15358766913414
2024-03-13,ULTRACEMCO_NS,0.0055886614136397,-0.0455933101475238
2024-03-13,UNIONBANK_NS,0.0066434531472623,-0.0224159024655818
2024-03-13,UNITDSPR_NS,-0.0041640517301857,0.0
2024-03-13,UPL_NS,0.0041657071560621,0.0258653406053781
2024-03-13,VBL_NS,0.0009502932662144,0.0080314055085182
2024-03-13,VEDL_NS,0.006510030478239,0.2320790588855743
2024-03-13,VMM_NS,-0.0041640517301857,-0.0393810048699379
2024-03-13,VOLTAS_NS,0.0053998650982975,0.0642999708652496
2024-03-13,WAAREEENER_NS,-0.0041640517301857,-0.0393810048699379
2024-03-13,WIPRO_NS,0.0046913446858525,-0.051940631121397
2024-03-13,YESBANK_NS,0.0020435256883502,0.0994755178689956
2024-03-13,JUBLFOOD_NS,0.0036382065154612,-0.032066062092781
2024-03-13,TATASTEEL_NS,0.0086075840517878,-0.0662055313587188
2024-03-13,TATAPOWER_NS,0.0041950643062591,0.0380402319133281
2024-03-13,TATAINVEST_NS,0.0061146733351051,-0.2357052862644195
2024-03-13,TATAELXSI_NS,0.0087958928197622,0.0842432975769043
2024-03-13,POWERINDIA_NS,0.0077038444578647,0.1320258975028991
2024-03-13,PREMIERENE_NS,-0.0041640517301857,-0.0393810048699379
2024-03-13,PRESTIGE_NS,0.0057859816588461,-0.0570029430091381
2024-03-13,RADICO_NS,-0.0005730631528422,0.1415799111127853
2024-03-13,RECLTD_NS,0.0036688684485852,-0.1073930263519287
2024-03-13,RELIANCE_NS,0.0065083187073469,-0.0108307115733623
2024-03-13,RVNL_NS,0.0009301357204094,0.0627855062484741
2024-03-13,SAIL_NS,0.006718136370182,0.0550464019179344
2024-03-13,SBICARD_NS,0.0032220077700912,0.0638806149363517
2024-03-13,SBILIFE_NS,0.0072346962988376,-0.0120366159826517
2024-03-13,POLYCAB_NS,0.0065617254003882,-0.0568544007837772
2024-03-13,SBIN_NS,0.0055071697570383,-0.0284166317433118
2024-03-13,SHRIRAMFIN_NS,0.0061598783358931,-0.0402958989143371
2024-03-13,SIEMENS_NS,0.0073121087625622,0.019424308091402
2024-03-13,SOLARINDS_NS,0.007887627929449,-0.0127309709787368
2024-03-13,SRF_NS,0.0057933134958148,0.0098452689126133
2024-03-13,SUNPHARMA_NS,0.0059814760461449,-0.0185433756560087
2024-03-13,SUPREMEIND_NS,0.0051925140433013,-0.0579266622662544
2024-03-13,SUZLON_NS,0.0003074036212638,0.0415880978107452
2024-03-13,SWIGGY_NS,-0.0041640517301857,-0.0393810048699379
2024-03-13,TATACAP_NS,-0.0041640517301857,-0.0393810048699379
2024-03-13,TATACOMM_NS,0.0060749012045562,-0.0426823124289512
2024-03-13,SHREECEM_NS,0.0051878434605896,-0.0107664233073592
2024-03-13,ZYDUSLIFE_NS,0.0048612263053655,-0.0298228003084659
2024-03-13,JSWSTEEL_NS,0.0078877322375774,-0.1104397475719451
2024-03-13,JIOFIN_NS,0.0085455942898988,0.0582255348563194
2024-03-13,BEL_NS,0.0037020090967416,0.0537191554903984
2024-03-13,BHARATFORG_NS,0.0030308947898447,-0.0281777027994394
2024-03-13,BHARTIARTL_NS,0.0066552916541695,-0.0016986327245831
2024-03-13,BHEL_NS,0.0066976062953472,-0.0196520034223794
2024-03-13,BIOCON_NS,0.006754221394658,0.0372597426176071
2024-03-13,BLUESTARCO_NS,0.0060635358095169,-0.0585976392030715
2024-03-13,BOSCHLTD_NS,0.0060553159564733,-0.016808720305562
2024-03-13,BPCL_NS,0.0045854598283767,-0.0431629791855812
2024-03-13,BRITANNIA_NS,0.0064768330194056,-0.0241640787571668
2024-03-13,BSE_NS,0.0036296164616942,0.2694196105003357
2024-03-13,CANBK_NS,0.0048980577848851,0.0506590716540813
2024-03-13,CGPOWER_NS,0.0067649739794433,-0.0392836555838584
2024-03-13,CHOLAFIN_NS,0.0074665918946266,0.0011409991420805
2024-03-13,CIPLA_NS,0.0077253514900803,-0.072458803653717
2024-03-13,COALINDIA_NS,0.0056790756061673,-0.0247880108654499
2024-03-13,COCHINSHIP_NS,0.0038680676370859,0.2577570974826813
2024-03-13,COFORGE_NS,0.0023844367824494,-0.103866770863533
2024-03-13,COLPAL_NS,0.007821986451745,0.0490604825317859
2024-03-13,CONCOR_NS,0.0043550445698201,0.0089535750448703
2024-03-13,COROMANDEL_NS,0.0070122662000358,0.0151089308783411
2024-03-13,CUMMINSIND_NS,0.0057933838106691,-0.0004725215840153
2024-03-13,BDL_NS,0.0049380059354007,0.0004725215840153
2024-03-13,BANKBARODA_NS,0.0071855662390589,-0.0584049262106418
2024-03-13,BAJFINANCE_NS,0.0076866094022989,0.0004131236346438
2024-03-13,BAJAJ_AUTO_NS,0.0035174721851944,0.0223871860653162
2024-03-13,JSWENERGY_NS,0.0077353920787572,0.1589186042547226
2024-03-13,360ONE_NS,0.002213004976511,-0.0004131236346438
2024-03-13,ABB_NS,0.0007342622848227,0.0173575207591056
2024-03-13,ABCAPITAL_NS,0.005333662033081,0.0977593287825584
2024-03-13,ADANIENSOL_NS,0.0065991771407425,-0.0040064100176095
2024-03-13,ADANIENT_NS,0.0034086881205439,0.0272370632737875
2024-03-13,ADANIGREEN_NS,0.0059930719435215,-0.0589043647050857
2024-03-13,ADANIPORTS_NS,0.006000995170325,-0.0089535750448703
2024-03-13,ADANIPOWER_NS,0.0062790224328637,0.0220130700618028
2024-03-13,ALKEM_NS,0.0029058903455734,-0.0486201159656047
2024-03-13,DABUR_NS,0.0060840439982712,-0.0313549265265464
2024-03-13,AMBUJACEM_NS,0.0066277389414608,0.067187063395977
2024-03-13,APOLLOHOSP_NS,-0.0059807524085044,-0.0412636622786521
2024-03-13,ASHOKLEY_NS,0.0059489901177585,0.0514590740203857
2024-03-13,ASIANPAINT_NS,0.0052599892951548,-0.0546980872750282
2024-03-13,ASTRAL_NS,0.0085501745343208,0.0
2024-03-13,ATGL_NS,0.0055052256211638,0.0214457642287015
2024-03-13,AUBANK_NS,0.0130047043785452,0.0269941091537475
2024-03-13,AUROPHARMA_NS,0.0049341460689902,0.0948206484317779
2024-03-13,AXISBANK_NS,0.0073467455804347,-0.061087355017662
2024-03-13,BAJAJFINSV_NS,0.006344593130052,-0.0454869791865348
2024-03-13,BAJAJHLDNG_NS,0.0048963939771056,-0.1312112212181091
2024-03-13,APLAPOLLO_NS,0.0010716194519773,-0.139027714729309
2024-03-13,DIVISLAB_NS,0.0025850594975054,0.0736149623990058
2024-03-13,BANKINDIA_NS,0.0056004575453698,0.0406154803931713
2024-03-13,DLF_NS,0.0054258978925645,-0.0726395323872566
2024-03-13,HINDPETRO_NS,0.0039845872670412,-0.0662389546632766
2024-03-13,HINDUNILVR_NS,0.0081741791218519,-0.0405048541724681
2024-03-13,HINDZINC_NS,0.0059730089269578,0.1142394617199897
2024-03-13,HUDCO_NS,0.0037251496687531,0.1411503553390503
2024-03-13,HYUNDAI_NS,-0.0041640517301857,-0.0393810048699379
2024-03-13,ICICIAMC_NS,-0.0041640517301857,-0.0393810048699379
2024-03-13,ICICIBANK_NS,0.0071235904470086,-0.0500679723918437
2024-03-13,ICICIGI_NS,0.0049158069305121,0.0061273011378943
2024-03-13,IDEA_NS,0.0028709266334772,0.0016986327245831
2024-03-13,IDFCFIRSTB_NS,0.0067309360019862,0.0305875297635793
2024-03-13,HINDALCO_NS,0.0023280028253793,0.0087487967684865
2024-03-13,INDHOTEL_NS,0.0055056679993867,0.0057084206491708
2024-03-13,INDIGO_NS,0.0077204657718539,0.0977562218904495
2024-03-13,INDUSINDBK_NS,0.0078185182064771,-0.0421709492802619
2024-03-13,INDUSTOWER_NS,0.0065114554017782,0.2994138896465301
2024-03-13,INFY_NS,0.0013977905036881,-0.0645079240202903
2024-03-13,IOC_NS,0.0027960739098489,0.0
2024-03-13,IRCTC_NS,0.0053915791213512,0.0590011738240718
2024-03-13,IREDA_NS,-0.0009044398320838,0.1891660839319229
2024-03-13,IRFC_NS,0.0006015339167788,0.0575096309185028
2024-03-13,ITC_NS,0.0084912404417991,0.0081336088478565
2024-03-13,DIXON_NS,0.0036660637706518,0.0718463212251663
2024-03-13,INDIANB_NS,0.0043641016818583,0.0026616193354129
2024-03-13,HEROMOTOCO_NS,0.0008616616250947,-0.1175197660923004
2024-03-13,JINDALSTEL_NS,0.0087832752615213,-0.0087487967684865
2024-03-13,FEDERALBNK_NS,0.0063244537450373,-0.0104009015485644
2024-03-13,DMART_NS,0.0056434632278978,0.0940708816051483
2024-03-13,DRREDDY_NS,0.0048737479373812,-0.0459821261465549
2024-03-13,EICHERMOT_NS,0.0055892211385071,0.0789067074656486
2024-03-13,ENRIN_NS,-0.0041640517301857,-0.0393810048699379
2024-03-13,ETERNAL_NS,0.0046679731458425,0.1871875822544098
2024-03-13,EXIDEIND_NS,0.0042060520499944,0.3499948978424072
2024-03-13,HDFCLIFE_NS,0.0054992535151541,-0.0061273011378943
2024-03-13,FORTIS_NS,-0.0028659882955253,0.040445253252983
2024-03-13,GAIL_NS,0.0066187153570353,0.1650222688913345
2024-03-13,GMRAIRPORT_NS,0.0022533279843628,-0.0156388822942972
2024-03-13,GLENMARK_NS,0.0006638580234721,0.1604076027870178
2024-03-13,GODREJCP_NS,0.005880903918296,-0.0158432684838771
2024-03-13,GODREJPROP_NS,0.0053560715168714,0.0413784347474575
2024-03-13,GRASIM_NS,0.0075218826532363,0.0107664233073592
2024-03-13,GROWW_NS,-0.0041640517301857,-0.0393810048699379
2024-03-13,GVT_D_NS,0.0059710936620831,-0.0311536155641078
2024-03-13,HAL_NS,0.0075172837823629,0.0483991131186485
2024-03-13,HAVELLS_NS,0.0032737562432885,-0.1488306522369384
2024-03-13,HCLTECH_NS,0.0049939770251512,-0.0334289632737636
2024-03-13,HDFCAMC_NS,0.0043284753337502,-0.0486780107021331
2024-03-13,HDFCBANK_NS,0.0096505535766482,-0.0014516880037263
2024-03-13,GODFRYPHLP_NS,0.0085092568770051,-0.0151089308783411
2024-04-16,NYKAA_NS,0.0068156202323734,0.0160606205463409
2024-04-16,M_M_NS,0.0056983539834618,0.1373680233955383
2024-04-16,NTPC_NS,0.0011922573903575,0.0
2024-04-16,NMDC_NS,0.0025098011828958,0.0374130457639694
2024-04-16,NATIONALUM_NS,0.0013155863853171,-0.0398106500506401
2024-04-16,NESTLEIND_NS,0.0055423555895686,-0.0644385516643524
2024-04-16,NAUKRI_NS,0.0053482232615351,0.0794830396771431
2024-04-16,OBEROIRLTY_NS,0.0054947887547314,0.1143302172422409
2024-04-16,NHPC_NS,0.0047256243415176,0.0674759820103645
2024-04-16,OFSS_NS,0.0031086639501154,0.0201938636600971
2024-04-16,KEI_NS,0.006077722646296,0.0797628387808799
2024-04-16,ONGC_NS,0.0058588022366166,-0.010817777365446
2024-04-16,PAGEIND_NS,0.0051637249998748,-0.0087692840024828
2024-04-16,PATANJALI_NS,0.0059009175747632,-0.030071435496211
2024-04-16,PAYTM_NS,0.0078605879098176,-0.1401917189359665
2024-04-16,PERSISTENT_NS,0.0059437649324536,-0.0876032561063766
2024-04-16,PFC_NS,0.0030346130952239,0.1321930289268493
2024-04-16,PHOENIXLTD_NS,0.0061454977840185,-0.0910229757428169
2024-04-16,PIDILITIND_NS,0.0060381144285202,0.0439028814435005
2024-04-16,PIIND_NS,0.0071039707399904,-0.0380904749035835
2024-04-16,PNB_NS,0.0047678919509053,-0.0057469317689538
2024-04-16,OIL_NS,0.0060139182023704,0.0355040803551673
2024-04-16,M_MFIN_NS,-0.0004643372958526,-0.0877692997455596
2024-04-16,MARICO_NS,0.0071496050804853,0.1370987743139267
2024-04-16,MRF_NS,0.0034222248941659,-0.0838797912001609
2024-04-16,KALYANKJIL_NS,0.0056187761947512,-0.0021460682619363
2024-04-16,POLICYBZR_NS,0.0075968261808156,0.0752599611878395
2024-04-16,KOTAKBANK_NS,0.0058999960310757,-0.0336127057671546
2024-04-16,KPITTECH_NS,0.0018890324281528,0.0711865872144699
2024-04-16,LAURUSLABS_NS,0.0046458439901471,-0.0305618215352296
2024-04-16,LENSKART_NS,-0.0041419435292482,0.0
2024-04-16,LGEINDIA_NS,-0.0041419435292482,0.0
2024-04-16,LICHSGFIN_NS,-0.0027987514622509,-0.0368259400129318
2024-04-16,LODHA_NS,0.0027582789771258,-0.0278580039739608
2024-04-16,LTF_NS,0.0021630758419632,-0.0052755163051187
2024-04-16,MUTHOOTFIN_NS,0.0033927159383893,-0.0057327393442392
2024-04-16,LTM_NS,-0.0041419435292482,0.0
2024-04-16,LUPIN_NS,0.0045697968453168,0.0
2024-04-16,MANKIND_NS,0.0065057920292019,-0.1118617802858352
2024-04-16,MARUTI_NS,0.0061351880431175,-0.0650293231010437
2024-04-16,MAXHEALTH_NS,0.0044927452690899,0.0075438786298036
2024-04-16,MAZDOCK_NS,0.0032506990246474,0.0142707163468003
2024-04-16,MCX_NS,0.0038178111426532,0.0383420288562774
2024-04-16,MFSL_NS,0.0079349260777235,-0.0155354300513863
2024-04-16,MOTHERSON_NS,0.0058822431601583,-0.0358436219394207
2024-04-16,MOTILALOFS_NS,0.0043558957986533,0.1523055732250213
2024-04-16,MPHASIS_NS,0.0058896318078041,0.0
2024-04-16,LT_NS,0.0065636034123599,-0.0964700430631637
2024-04-16,POLYCAB_NS,0.0076764095574617,0.0034472877159714
2024-04-16,YESBANK_NS,0.0060755130834877,-0.0190165434032678
2024-04-16,POWERINDIA_NS,0.0078248940408229,0.3823201060295105
2024-04-16,TCS_NS,0.0040318383835256,-0.0043596662580966
2024-04-16,TECHM_NS,0.0063751307316124,0.0861356928944587
2024-04-16,TIINDIA_NS,0.0046077677980065,0.001291365828365
2024-04-16,TITAN_NS,0.005374725908041,-0.0874509438872337
2024-04-16,TMCV_NS,-0.0041419435292482,0.0
2024-04-16,TMPV_NS,-0.0041419435292482,0.0
2024-04-16,TORNTPHARM_NS,0.0038571157492697,0.0368504598736763
2024-04-16,TRENT_NS,0.00595762161538,0.1440682262182235
2024-04-16,TVSMOTOR_NS,0.0030426476150751,0.0244222003966569
2024-04-16,ULTRACEMCO_NS,0.0052577592432498,-0.0057686031796038
2024-04-16,UNIONBANK_NS,0.0053735058754682,-0.0075812633149325
2024-04-16,UNITDSPR_NS,-0.0041419435292482,-0.0241254325956106
2024-04-16,UPL_NS,0.0082071749493479,0.0605596825480461
2024-04-16,VBL_NS,0.0061015235260128,0.0523302666842937
2024-04-16,VEDL_NS,0.0046546123921871,0.0545281469821929
2024-04-16,VMM_NS,-0.0041419435292482,0.0
2024-04-16,VOLTAS_NS,0.0052033779211342,-0.2122038006782531
2024-04-16,WAAREEENER_NS,-0.0041419435292482,0.0
2024-04-16,WIPRO_NS,0.0035442505031824,0.026265226304531
2024-04-16,JUBLFOOD_NS,0.0065524219535291,0.0506901778280735
2024-04-16,ZYDUSLIFE_NS,0.0004725964972749,0.0821508839726448
2024-04-16,TATASTEEL_NS,0.0064882319420576,-0.0582266598939895
2024-04-16,TATAPOWER_NS,0.0075078569352626,-0.0034959581680595
2024-04-16,TATAINVEST_NS,-0.0019908184185624,-0.0390784032642841
2024-04-16,TATAELXSI_NS,0.0062259226106107,-0.0245296005159616
2024-04-16,PREMIERENE_NS,-0.0041419435292482,0.0
2024-04-16,PRESTIGE_NS,-0.0016541489167138,0.1983584463596344
2024-04-16,RADICO_NS,0.0016626949654892,-0.0387224704027175
2024-04-16,RECLTD_NS,0.0050459783524274,0.2028983384370803
2024-04-16,RELIANCE_NS,0.005551507230848,-0.0111963115632534
2024-04-16,RVNL_NS,0.0057366196997463,0.0501029677689075
2024-04-16,SAIL_NS,0.0056969486176967,0.0086091253906488
2024-04-16,SBICARD_NS,0.0064105209894478,0.0022896758746355
2024-04-16,SBILIFE_NS,0.0061549339443445,-0.0022896758746355
2024-04-16,SBIN_NS,0.0045418953523039,0.1057992056012153
2024-04-16,POWERGRID_NS,0.0041671181097626,0.115531139075756
2024-04-16,SHREECEM_NS,0.0057019628584384,0.0057686031796038
2024-04-16,SIEMENS_NS,0.0059657134115695,0.0561256445944309
2024-04-16,SOLARINDS_NS,0.0069424207322299,-0.1456805914640426
2024-04-16,SRF_NS,0.008263487368822,-0.0921074524521827
2024-04-16,SUNPHARMA_NS,0.001240941346623,-0.0287087801843881
2024-04-16,SUPREMEIND_NS,0.0065405131317675,0.1098534166812896
2024-04-16,SUZLON_NS,0.0053533427417278,0.0505522415041923
2024-04-16,SWIGGY_NS,-0.0041419435292482,0.0
2024-04-16,TATACAP_NS,-0.0041419435292482,0.0
2024-04-16,TATACOMM_NS,0.0036805206909775,-0.0734450295567512
2024-04-16,TATACONSUM_NS,0.0025459323078393,-0.0603936836123466
2024-04-16,SHRIRAMFIN_NS,0.0062321778386831,-0.0459032356739044
2024-04-16,JSWSTEEL_NS,0.0052894246764481,-0.0318219140172004
2024-04-16,BDL_NS,0.0057512619532644,0.0244925841689109
2024-04-16,JIOFIN_NS,0.006925013847649,-0.0129338297992944
2024-04-16,BEL_NS,0.0010689367773011,-0.1441293954849243
2024-04-16,BHARATFORG_NS,0.0068003144115209,0.1494002193212509
2024-04-16,BHARTIARTL_NS,0.0055397576652467,0.0709428042173385
2024-04-16,BHEL_NS,0.0055444063618779,-0.0539373494684696
2024-04-16,BIOCON_NS,0.0054763313382864,0.1233920231461525
2024-04-16,BLUESTARCO_NS,0.0073717013001441,-0.0781169757246971
2024-04-16,BOSCHLTD_NS,0.0044875433668494,-0.041935171931982
2024-04-16,BPCL_NS,0.0044279317371547,0.0685227513313293
2024-04-16,BRITANNIA_NS,0.0057303858920931,0.0463386811316013
2024-04-16,BSE_NS,-0.002390997018665,-0.0524636469781398
2024-04-16,CANBK_NS,0.0048375762999057,-0.0046485168859362
2024-04-16,CGPOWER_NS,0.0049773333594202,0.029252216219902
2024-04-16,CHOLAFIN_NS,0.0035224235616624,0.0948543772101402
2024-04-16,CIPLA_NS,0.0015645894454792,-0.0075065856799483
2024-04-16,COALINDIA_NS,0.0054388041608035,0.0198200959712266
2024-04-16,COCHINSHIP_NS,0.000239354209043,0.0432763434946537
2024-04-16,COFORGE_NS,0.0034899371676146,-0.0977034792304039
2024-04-16,COLPAL_NS,0.0060926862061023,-0.0314623638987541
2024-04-16,CONCOR_NS,0.0011535101803019,0.0681213587522506
2024-04-16,COROMANDEL_NS,0.0062534864991903,0.1028330996632576
2024-04-16,CUMMINSIND_NS,0.0056080822832882,-0.0108473571017384
2024-04-16,BANKBARODA_NS,0.0041488907299935,0.0474229753017425
2024-04-16,DABUR_NS,0.0037116194143891,0.0372576564550399
2024-04-16,BAJFINANCE_NS,1.190288458019495e-05,-0.0668509528040885
2024-04-16,BAJAJHLDNG_NS,0.0039084362797439,0.0057327393442392
2024-04-16,JSWENERGY_NS,0.0048162508755922,-0.0307404492050409
2024-04-16,360ONE_NS,0.0061055882833898,0.0186382494866848
2024-04-16,ABB_NS,0.0063663944602012,0.0291446633636951
2024-04-16,ABCAPITAL_NS,0.0036503188312053,0.0696323364973068
2024-04-16,ADANIENSOL_NS,0.0044469228014349,-0.0330201052129268
2024-04-16,ADANIENT_NS,7.809896487742662e-05,-0.0148861343041062
2024-04-16,ADANIGREEN_NS,0.004141881596297,-0.00539510557428
2024-04-16,ADANIPORTS_NS,0.002038727980107,-0.0462101101875305
2024-04-16,ADANIPOWER_NS,0.003088648431003,0.0384161658585071
2024-04-16,ALKEM_NS,0.0051606581546366,0.1138213500380516
2024-04-16,AMBUJACEM_NS,0.0045811031013727,-0.0447662472724914
2024-04-16,APLAPOLLO_NS,0.0058389822952449,-0.0086091253906488
2024-04-16,APOLLOHOSP_NS,0.0053628422319889,-0.0833440423011779
2024-04-16,ASHOKLEY_NS,-5.608180072158575e-05,0.0891272574663162
2024-04-16,ASIANPAINT_NS,0.0077604604884982,0.0
2024-04-16,ASTRAL_NS,0.0030796057544648,0.0
2024-04-16,ATGL_NS,0.0008129264460876,-0.0153147671371698
2024-04-16,AUBANK_NS,0.0080095510929822,0.0391513630747795
2024-04-16,AUROPHARMA_NS,0.0055315215140581,0.0227125789970159
2024-04-16,AXISBANK_NS,0.0062307058833539,0.1030711904168129
2024-04-16,BAJAJFINSV_NS,0.00678058154881,-0.0547598004341125
2024-04-16,BAJAJ_AUTO_NS,0.0067343953996896,-0.0156445372849702
2024-04-16,DIVISLAB_NS,0.0061314762569963,0.0134928785264492
2024-04-16,BANKINDIA_NS,0.005969317164272,-0.0964609235525131
2024-04-16,DLF_NS,0.0020419061183929,-0.0934258997440338
2024-04-16,HINDPETRO_NS,0.0058309645392,0.0882878080010414
2024-04-16,HINDUNILVR_NS,0.0056353136897087,0.0197250396013259
2024-04-16,HINDZINC_NS,-0.0010622543049976,0.297339379787445
2024-04-16,HUDCO_NS,0.0046024266630411,0.2140276432037353
2024-04-16,HYUNDAI_NS,-0.0041419435292482,0.0
2024-04-16,ICICIAMC_NS,-0.0041419435292482,0.0
2024-04-16,ICICIBANK_NS,0.0067559382878243,0.079219676554203
2024-04-16,ICICIGI_NS,0.0053400881588459,0.0300187058746814
2024-04-16,IDEA_NS,0.0079881604760885,-0.0062036691233515
2024-04-16,IDFCFIRSTB_NS,0.0054405638948082,-0.04736253246665
2024-04-16,HINDALCO_NS,0.0059754997491836,-0.0290777254849672
2024-04-16,INDHOTEL_NS,0.0056289359927177,-0.0278680864721536
2024-04-16,INDIGO_NS,0.0071775540709495,0.2013363242149353
2024-04-16,INDUSINDBK_NS,0.0063448147848248,-0.0327008925378322
2024-04-16,INDUSTOWER_NS,0.0065178270451724,0.0062036691233515
2024-04-16,INFY_NS,0.0069296951405704,0.0193255767226219
2024-04-16,IOC_NS,0.0056668655015528,-0.0202092565596103
2024-04-16,IRCTC_NS,0.0058433292433619,0.0032894127070903
2024-04-16,IREDA_NS,0.006359017919749,0.089013934135437
2024-04-16,IRFC_NS,0.0046869721263647,0.1424997448921203
2024-04-16,ITC_NS,0.0070592118427157,0.0
2024-04-16,DIXON_NS,0.0069918320514261,0.1613611876964569
2024-04-16,INDIANB_NS,0.0044414578005671,0.0595611371099948
2024-04-16,HEROMOTOCO_NS,0.0043010883964598,0.0871243402361869
2024-04-16,JINDALSTEL_NS,0.0068837795406579,0.0159157179296016
2024-04-16,DMART_NS,0.0078574055805802,0.0021460682619363
2024-04-16,HDFCLIFE_NS,0.0053662611171603,-0.0411584861576557
2024-04-16,DRREDDY_NS,0.0041421838104724,-0.0670366063714027
2024-04-16,EICHERMOT_NS,0.006162323988974,-0.001291365828365
2024-04-16,ENRIN_NS,-0.0041419435292482,0.0
2024-04-16,ETERNAL_NS,0.0042015714570879,0.0440669730305671
2024-04-16,EXIDEIND_NS,0.0049021090380847,-0.0408134497702121
2024-04-16,FORTIS_NS,0.0022519663907587,0.0
2024-04-16,GAIL_NS,0.0052529377862811,0.0
2024-04-16,GLENMARK_NS,0.0080808121711015,-0.0636085867881774
2024-04-16,GMRAIRPORT_NS,0.0040027908980846,-0.0032894127070903
2024-04-16,FEDERALBNK_NS,0.0071234814822673,0.0958707705140113
2024-04-16,GODREJCP_NS,0.0055645932443439,0.0787814557552337
2024-04-16,GODREJPROP_NS,0.0026410613209009,0.0278580039739608
2024-04-16,GRASIM_NS,0.0066274879500269,0.0276284404098987
2024-04-16,GROWW_NS,-0.0041419435292482,0.0
2024-04-16,HDFCBANK_NS,0.007577184587717,0.0046485168859362
2024-04-16,GVT_D_NS,0.004096015356481,0.3112722933292389
2024-04-16,HAL_NS,0.006023006979376,-0.0086004678159952
2024-04-16,HAVELLS_NS,0.0059645059518516,-0.0034472877159714
2024-04-16,HCLTECH_NS,0.0040153148584067,-0.0908573716878891
2024-04-16,HDFCAMC_NS,0.0052696457132697,-0.0188996754586696
2024-04-16,GODFRYPHLP_NS,0.0042226146906614,0.2843106687068939
2024-05-17,NTPC_NS,0.005045345518738,-0.0218763593584299
2024-05-17,NMDC_NS,0.0065725021995604,-0.063416376709938
2024-05-17,NHPC_NS,0.0072347447276115,-0.0052434685640037
2024-05-17,M_MFIN_NS,0.0013053329894319,0.145912230014801
2024-05-17,NAUKRI_NS,0.0061900578439235,-0.0007818335434421
2024-05-17,NATIONALUM_NS,0.0026757870800793,-0.0619124583899974
2024-05-17,M_M_NS,0.0081640984863042,0.0400726348161697
2024-05-17,NYKAA_NS,0.0044211838394403,-0.1078906655311584
2024-05-17,NESTLEIND_NS,0.0057773669250309,-0.0200291126966476
2024-05-17,OBEROIRLTY_NS,0.0065006255172193,-0.0553264394402504
2024-05-17,PATANJALI_NS,0.001454253331758,-0.004637966863811
2024-05-17,OIL_NS,0.006943707820028,0.0691476538777351
2024-05-17,ONGC_NS,0.0050867744721472,-0.0378189720213413
2024-05-17,PAGEIND_NS,0.0064871967770159,0.0065748174674808
2024-05-17,PAYTM_NS,0.0018781597027555,0.0942610576748848
2024-05-17,PERSISTENT_NS,0.0065032946877181,0.0167785212397575
2024-05-17,PFC_NS,0.0073612472042441,0.0155303766950964
2024-05-17,PHOENIXLTD_NS,0.0017740001203492,0.06180365011096
2024-05-17,PIDILITIND_NS,0.0033647660166025,0.0
2024-05-17,PIIND_NS,0.0025760130956768,-0.0222593899816274
2024-05-17,OFSS_NS,-0.0019972324371337,0.1682636141777038
2024-05-17,MUTHOOTFIN_NS,0.0031270864419639,0.0011638480937108
2024-05-17,KALYANKJIL_NS,0.0044289440847933,-0.0663301721215248
2024-05-17,MPHASIS_NS,0.0059334198012948,-0.0229212008416652
2024-05-17,PNB_NS,0.0016192632028833,-0.0322308875620365
2024-05-17,KEI_NS,0.0070927375927567,0.0580272488296031
2024-05-17,KOTAKBANK_NS,-0.0020757727324962,-0.0282792672514915
2024-05-17,KPITTECH_NS,0.0027963132597506,-0.0660788193345069
2024-05-17,LAURUSLABS_NS,0.0067338650114834,-0.0699959993362426
2024-05-17,LENSKART_NS,-0.004193749744445,-0.0039511620998382
2024-05-17,LGEINDIA_NS,-0.004193749744445,-0.0039511620998382
2024-05-17,LICHSGFIN_NS,0.0028051612898707,0.0728343352675437
2024-05-17,LODHA_NS,0.004310502205044,0.1295130997896194
2024-05-17,LTF_NS,0.0043020071461796,0.1020275726914405
2024-05-17,MRF_NS,0.0075423177331686,-0.1471504420042038
2024-05-17,LTM_NS,-0.004193749744445,-0.0039511620998382
2024-05-17,LUPIN_NS,0.0064048059284687,-0.0967749431729316
2024-05-17,MANKIND_NS,-0.0017708864761516,0.0095078367739915
2024-05-17,MARICO_NS,0.007262036204338,-0.0107737993821501
2024-05-17,MARUTI_NS,0.0049155419692397,-0.146233469247818
2024-05-17,MAXHEALTH_NS,0.0060884077101945,0.0
2024-05-17,MAZDOCK_NS,0.0061730509623885,0.2797138690948486
2024-05-17,MCX_NS,0.0063860896043479,-0.088491104543209
2024-05-17,MFSL_NS,0.0044474191963672,-0.0809675157070159
2024-05-17,MOTHERSON_NS,0.0042775487527251,0.2290025651454925
2024-05-17,MOTILALOFS_NS,0.0039416113868355,0.1468980014324188
2024-05-17,LT_NS,0.0017347304383292,-0.0228693075478076
2024-05-17,POLICYBZR_NS,0.0064000785350799,0.0168304368853569
2024-05-17,TATACONSUM_NS,0.0061168707907199,-0.0361143946647644
2024-05-17,POWERGRID_NS,0.0068811667151749,0.0304235816001892
2024-05-17,TCS_NS,0.0071115433238446,-0.0736751928925514
2024-05-17,TECHM_NS,0.0038372809067368,-0.0087818661704659
2024-05-17,TIINDIA_NS,0.0044131502509117,0.0215730890631675
2024-05-17,TITAN_NS,0.0024381545372307,-0.0572998076677322
2024-05-17,TMCV_NS,-0.004193749744445,-0.0039511620998382
2024-05-17,TMPV_NS,-0.004193749744445,-0.0039511620998382
2024-05-17,TORNTPHARM_NS,0.004596366547048,0.0194661598652601
2024-05-17,TRENT_NS,0.00651629967615,0.0585493668913841
2024-05-17,TVSMOTOR_NS,0.0042146942578256,-0.0044178464449942
2024-05-17,ULTRACEMCO_NS,0.0041479058563709,0.0474346950650215
2024-05-17,UNIONBANK_NS,0.0021382011473178,-0.0008313806611113
2024-05-17,UNITDSPR_NS,-0.004193749744445,0.0306652579456567
2024-05-17,UPL_NS,0.0054571623913943,0.0435625091195106
2024-05-17,VBL_NS,0.0061236978508532,0.0160946883261203
2024-05-17,VEDL_NS,0.005871710833162,0.0271741189062595
2024-05-17,VMM_NS,-0.004193749744445,-0.0039511620998382
2024-05-17,VOLTAS_NS,-0.0022830823436379,0.0522996336221694
2024-05-17,WAAREEENER_NS,-0.004193749744445,-0.0039511620998382
2024-05-17,WIPRO_NS,0.0064455331303179,0.0074850115925073
2024-05-17,YESBANK_NS,0.0016560066724196,-0.0227993503212928
2024-05-17,JUBLFOOD_NS,0.0071945022791624,0.0584991574287414
2024-05-17,TATASTEEL_NS,0.0059288721531629,0.0635912120342254
2024-05-17,TATAPOWER_NS,0.0008306970121338,0.0
2024-05-17,TATAINVEST_NS,0.0063645476475358,0.0178577322512865
2024-05-17,TATAELXSI_NS,0.0036763572134077,-0.0808288231492042
2024-05-17,POWERINDIA_NS,0.0082615576684474,0.0220571421086788
2024-05-17,PREMIERENE_NS,-0.004193749744445,-0.0039511620998382
2024-05-17,PRESTIGE_NS,0.0070674228481948,0.0553264394402504
2024-05-17,RADICO_NS,0.0021011768840253,-0.0285444483160972
2024-05-17,RECLTD_NS,0.0050637158565223,-0.1024208664894104
2024-05-17,RELIANCE_NS,0.0040567680262029,-0.0004655900411307
2024-05-17,RVNL_NS,0.0035169636830687,0.2334000170230865
2024-05-17,SAIL_NS,0.0058054765686392,-0.1164822205901146
2024-05-17,SBICARD_NS,0.0034983903169631,-0.011843585409224
2024-05-17,SBILIFE_NS,0.0063006002455949,-0.0223408825695514
2024-05-17,POLYCAB_NS,0.0078309457749128,-0.0090105859562754
2024-05-17,SBIN_NS,0.0069034560583531,0.0008313806611113
2024-05-17,SHRIRAMFIN_NS,0.0010160125093534,0.1140300184488296
2024-05-17,SIEMENS_NS,0.007080378010869,-0.036984909325838
2024-05-17,SOLARINDS_NS,0.0023867157287895,0.0090105859562754
2024-05-17,SRF_NS,-0.0059957988560199,0.0154124023392796
2024-05-17,SUNPHARMA_NS,0.0032875826582312,-0.0655332803726196
2024-05-17,SUPREMEIND_NS,0.0080543272197246,0.0123987197875976
2024-05-17,SUZLON_NS,0.0063115982338786,0.1339720487594604
2024-05-17,SWIGGY_NS,-0.004193749744445,-0.0039511620998382
2024-05-17,TATACAP_NS,-0.004193749744445,-0.0039511620998382
2024-05-17,TATACOMM_NS,0.0030605653300881,-0.009467021562159
2024-05-17,SHREECEM_NS,0.0037488099187612,-0.0161601230502128
2024-05-17,ZYDUSLIFE_NS,0.0049247490242123,-0.026630824431777
2024-05-17,JSWSTEEL_NS,0.0059552323073148,-0.0011583194136619
2024-05-17,JIOFIN_NS,0.0001203977735713,-0.0008765301899984
2024-05-17,BEL_NS,0.0026435777544975,0.1351791769266128
2024-05-17,BHARATFORG_NS,0.0077519537881016,0.0269619263708591
2024-05-17,BHARTIARTL_NS,0.0046188365668058,0.009467021562159
2024-05-17,BHEL_NS,0.0069889090955257,-0.0944463089108467
2024-05-17,BIOCON_NS,0.0076536834239959,0.0353137664496898
2024-05-17,BLUESTARCO_NS,0.0064677484333515,-0.0101603949442505
2024-05-17,BOSCHLTD_NS,0.0051698591560125,-0.0557648874819278
2024-05-17,BPCL_NS,0.007729317061603,-0.036419965326786
2024-05-17,BRITANNIA_NS,0.0039579039439558,0.0
2024-05-17,BSE_NS,0.0021580257453024,-0.0702551528811454
2024-05-17,CANBK_NS,-0.0014228544896468,0.0320244543254375
2024-05-17,CGPOWER_NS,0.0066520390100777,-0.0534663125872612
2024-05-17,CHOLAFIN_NS,0.0053413026034832,0.0723583027720451
2024-05-17,CIPLA_NS,0.003553157672286,0.0612849183380603
2024-05-17,COALINDIA_NS,0.0078103244304656,0.0024701664224267
2024-05-17,COCHINSHIP_NS,0.0055235503241419,0.3817607760429382
2024-05-17,COFORGE_NS,0.0075168525800108,0.0700720697641372
2024-05-17,COLPAL_NS,0.004209853708744,0.0378006696701049
2024-05-17,CONCOR_NS,0.0075951134786009,-0.0478045642375946
2024-05-17,COROMANDEL_NS,0.0048459134995937,0.2178267240524292
2024-05-17,CUMMINSIND_NS,0.0071423025801777,-0.0847261175513267
2024-05-17,BDL_NS,0.0058016963303089,0.2120029181241989
2024-05-17,BANKINDIA_NS,-0.0050428472459316,-0.0361957252025604
2024-05-17,BANKBARODA_NS,0.0056276586838066,0.0253356024622917
2024-05-17,BAJFINANCE_NS,0.0008177162380889,0.0237017814069986
2024-05-17,360ONE_NS,0.0055184164084494,0.0307573471218347
2024-05-17,ABB_NS,0.006497492082417,-0.0644834339618682
2024-05-17,ABCAPITAL_NS,0.0043159248307347,0.0048110438510775
2024-05-17,ADANIENSOL_NS,0.0040994561277329,-0.040597591549158
2024-05-17,ADANIENT_NS,0.0033098482526838,0.0601712465286254
2024-05-17,ADANIGREEN_NS,0.0061522433534264,-0.0377052351832389
2024-05-17,ADANIPORTS_NS,0.0043129497207701,0.0228693075478076
2024-05-17,ADANIPOWER_NS,0.0077552590519189,0.1359328478574752
2024-05-17,ALKEM_NS,0.0046357372775673,-0.0950944498181343
2024-05-17,AMBUJACEM_NS,0.0020898100920021,0.0161601230502128
2024-05-17,DABUR_NS,0.0018331116298213,0.0583128556609153
2024-05-17,APLAPOLLO_NS,0.0079600820317864,-0.0875036343932151
2024-05-17,ASHOKLEY_NS,0.0065919533371925,0.0044178464449942
2024-05-17,ASIANPAINT_NS,0.0042104790918529,-0.0043576071038842
2024-05-17,ASTRAL_NS,0.0063422825187444,0.0
2024-05-17,ATGL_NS,0.0047931880690157,0.0112506337463855
2024-05-17,AUBANK_NS,0.0067661348730325,-0.0065139923244714
2024-05-17,AUROPHARMA_NS,0.0075169475749135,0.0
2024-05-17,AXISBANK_NS,0.0039924629963934,0.0146643826737999
2024-05-17,BAJAJFINSV_NS,0.0040088770911097,-0.0425102561712265
2024-05-17,BAJAJHLDNG_NS,0.0058725378476083,-0.0514463782310485
2024-05-17,BAJAJ_AUTO_NS,0.0057165795005857,0.1022479534149169
2024-05-17,APOLLOHOSP_NS,0.0046016722917556,-0.0304263792932033
2024-05-17,DIVISLAB_NS,0.0063895927742123,0.0883478000760078
2024-05-17,JSWENERGY_NS,-0.0003505073254927,0.1515991389751434
2024-05-17,DLF_NS,0.0035199886187911,-0.1107026040554046
2024-05-17,HINDUNILVR_NS,0.0050655612722039,0.0144821824505925
2024-05-17,HINDZINC_NS,0.0086655253544449,0.0613303072750568
2024-05-17,HUDCO_NS,0.0076023042201995,0.1547421067953109
2024-05-17,HYUNDAI_NS,-0.004193749744445,-0.0039511620998382
2024-05-17,ICICIAMC_NS,-0.004193749744445,-0.0039511620998382
2024-05-17,ICICIBANK_NS,0.0046499273739755,-0.0451466590166091
2024-05-17,ICICIGI_NS,0.0059691513888537,0.0235266964882612
2024-05-17,IDEA_NS,0.0073478873819112,0.2189578711986541
2024-05-17,INDHOTEL_NS,0.0033420985564589,-0.0065748174674808
2024-05-17,INDIANB_NS,0.0068566384725272,-0.0263833999633789
2024-05-17,INDIGO_NS,0.0070079662837088,-0.0361379981040954
2024-05-17,INDUSINDBK_NS,0.0041156350634992,0.0214248336851596
2024-05-17,INDUSTOWER_NS,0.0021143066696822,-0.0563489235937595
2024-05-17,INFY_NS,0.0101648028939962,0.0
2024-05-17,IOC_NS,0.0053915176540613,0.0
2024-05-17,IRCTC_NS,0.005198307801038,-0.1374386847019195
2024-05-17,IREDA_NS,0.0071324221789836,0.0007818335434421
2024-05-17,IRFC_NS,0.0064351493492722,-0.0242307316511869
2024-05-17,ITC_NS,0.0060215387493371,-0.0635939911007881
2024-05-17,JINDALSTEL_NS,0.0076821390539407,0.0211106743663549
2024-05-17,DIXON_NS,0.006084110122174,0.1506934314966201
2024-05-17,HINDPETRO_NS,0.006853025406599,0.0004003896028734
2024-05-17,HINDALCO_NS,0.0054068956524133,0.0011583194136619
2024-05-17,IDFCFIRSTB_NS,0.0003622492076829,0.0049799853004515
2024-05-17,HDFCLIFE_NS,0.0041172038763761,0.011843585409224
2024-05-17,HEROMOTOCO_NS,0.0036879810504615,-0.010001553222537
2024-05-17,DRREDDY_NS,0.0024293367750942,-0.0208268817514181
2024-05-17,EICHERMOT_NS,0.0062277847900986,-0.0750941708683967
2024-05-17,ENRIN_NS,-0.004193749744445,-0.0039511620998382
2024-05-17,ETERNAL_NS,0.0063089476898312,0.0145575236529111
2024-05-17,EXIDEIND_NS,0.0044870730489492,0.0483844131231308
2024-05-17,FEDERALBNK_NS,0.0075966352596879,0.0058490904048085
2024-05-17,GAIL_NS,0.0023069619201123,0.0426199100911617
2024-05-17,GLENMARK_NS,0.0007629023166373,0.1447970420122146
2024-05-17,GMRAIRPORT_NS,0.0062400940805673,0.0663975849747657
2024-05-17,GODFRYPHLP_NS,0.0076838312670588,0.0437454096972942
2024-05-17,FORTIS_NS,0.0075496789067983,0.0162208024412393
2024-05-17,DMART_NS,0.0038033705204725,-0.034752033650875
2024-05-17,GODREJCP_NS,0.0059730047360062,0.0195736810564994
2024-05-17,HDFCAMC_NS,0.005289614200592,-0.0011638480937108
2024-05-17,HCLTECH_NS,0.0094549749046564,0.0159269403666257
2024-05-17,HAVELLS_NS,0.0059599941596388,-0.0805654600262641
2024-05-17,HAL_NS,0.0061837513931095,0.0739641785621643
2024-05-17,HDFCBANK_NS,0.0018830314511433,0.066870093345642
2024-05-17,GROWW_NS,-0.004193749744445,-0.0039511620998382
2024-05-17,GRASIM_NS,0.0063850665464997,-0.0488468594849109
2024-05-17,GODREJPROP_NS,0.0083422102034091,-0.0730598270893096
2024-05-17,GVT_D_NS,0.0043242946267127,0.2099629342555999
2024-06-19,NYKAA_NS,0.0040685292333364,0.002036334015429
2024-06-19,M_MFIN_NS,0.0056998208165168,-0.0338774248957634
2024-06-19,M_M_NS,0.0065504368394613,-0.0327841341495513
2024-06-19,NATIONALUM_NS,-0.0001596043584868,0.0447443425655365
2024-06-19,NAUKRI_NS,0.0032834196463227,0.0897124782204628
2024-06-19,NESTLEIND_NS,0.0045231478288769,-0.0277207549661397
2024-06-19,NHPC_NS,0.0064608147367835,0.0538996756076812
2024-06-19,NMDC_NS,0.0041067372076213,-0.0991207137703895
2024-06-19,NTPC_NS,0.0041766557842493,0.0
2024-06-19,OBEROIRLTY_NS,0.0049563557840883,-0.0602190792560577
2024-06-19,PIIND_NS,0.0061195166781544,0.0437417589128017
2024-06-19,OIL_NS,0.0042276522144675,0.1737341582775116
2024-06-19,ONGC_NS,0.0023622550070285,0.1297094970941543
2024-06-19,PAGEIND_NS,0.0065405024215579,0.0217467676848173
2024-06-19,PATANJALI_NS,0.0035718395374715,0.0219811797142028
2024-06-19,PAYTM_NS,0.0018737829523161,0.0942564010620117
2024-06-19,PERSISTENT_NS,0.0054291319102048,0.0616460554301738
2024-06-19,PFC_NS,0.0043515381403267,0.0315713509917259
2024-06-19,PHOENIXLTD_NS,0.0058753583580255,0.127092182636261
2024-06-19,PIDILITIND_NS,0.0060327947139739,0.0
2024-06-19,MUTHOOTFIN_NS,0.0070291683077812,0.0211452841758728
2024-06-19,OFSS_NS,0.00644345395267,-0.0210232995450496
2024-06-19,MRF_NS,0.004515812266618,0.0499811023473739
2024-06-19,JUBLFOOD_NS,0.0088611049577593,0.0131027782335877
2024-06-19,MOTILALOFS_NS,0.0060755875892937,-0.2539310753345489
2024-06-19,PNB_NS,0.00543351797387,-0.0608862303197383
2024-06-19,KALYANKJIL_NS,0.0066422475501894,0.2047400474548339
2024-06-19,KEI_NS,0.007737903855741,-0.1003540903329849
2024-06-19,KOTAKBANK_NS,0.0070432950742542,0.0667695850133895
2024-06-19,KPITTECH_NS,0.0043272930197417,0.0658427476882934
2024-06-19,LAURUSLABS_NS,0.0049701705574989,0.0
2024-06-19,LENSKART_NS,-0.0041638230904936,0.0
2024-06-19,LGEINDIA_NS,-0.0041638230904936,0.0
2024-06-19,LICHSGFIN_NS,0.0045537678524851,0.0115371067076921
2024-06-19,LODHA_NS,0.0028881132602691,-0.0169531721621751
2024-06-19,MPHASIS_NS,0.0072432132437825,0.0798649042844772
2024-06-19,LTF_NS,0.0074762823060154,-0.0014767331304028
2024-06-19,LT_NS,0.0002640542807057,0.0213398840278387
2024-06-19,LUPIN_NS,0.00629618531093,0.1090928390622139
2024-06-19,MANKIND_NS,0.0075065568089485,-0.0618942379951477
2024-06-19,MARICO_NS,0.0057378080673515,0.0115214912220835
2024-06-19,MARUTI_NS,0.0056192968040704,0.0476797111332416
2024-06-19,MAXHEALTH_NS,0.0056434469297528,0.0
2024-06-19,MAZDOCK_NS,0.0036190915852785,0.2873996794223785
2024-06-19,MCX_NS,-0.0012857428519055,-0.046673335134983
2024-06-19,MFSL_NS,0.0060497811064124,-0.0098202023655176
2024-06-19,MOTHERSON_NS,0.0062296520918607,0.0777725577354431
2024-06-19,LTM_NS,-0.0041638230904936,0.0
2024-06-19,POLICYBZR_NS,0.0068312287330627,0.0426135137677192
2024-06-19,TATACOMM_NS,0.0043584681116044,-0.0316362828016281
2024-06-19,POWERGRID_NS,0.0051080370321869,0.0089464457705616
2024-06-19,TCS_NS,0.0051125604659318,0.0091920914128422
2024-06-19,TECHM_NS,0.0042773657478392,-0.0216966588050127
2024-06-19,TIINDIA_NS,0.0050162165425717,-0.0602073334157466
2024-06-19,TITAN_NS,0.0057886810973286,-0.0747426301240921
2024-06-19,TMCV_NS,-0.0041638230904936,0.0
2024-06-19,TMPV_NS,-0.0041638230904936,0.0
2024-06-19,TORNTPHARM_NS,0.0072791147977113,-0.0001314556429861
2024-06-19,TRENT_NS,0.0068777347914874,-0.0536825135350227
2024-06-19,TVSMOTOR_NS,0.0065385387279093,0.0111771468073129
2024-06-19,ULTRACEMCO_NS,0.0057066758163273,0.0035526761785149
2024-06-19,UNIONBANK_NS,0.0025227987207472,-0.0322782061994075
2024-06-19,UNITDSPR_NS,-0.1045770272612571,-0.0368023328483104
2024-06-19,UPL_NS,0.0060048294253647,-0.0323455445468425
2024-06-19,VBL_NS,0.0060719745233654,-0.099858857691288
2024-06-19,VEDL_NS,0.004156598355621,0.0174548719078302
2024-06-19,VMM_NS,-0.0041638230904936,0.0
2024-06-19,VOLTAS_NS,0.0056267515756189,0.0342925265431404
2024-06-19,WAAREEENER_NS,-0.0041638230904936,0.0
2024-06-19,WIPRO_NS,0.0058255326002836,0.0
2024-06-19,YESBANK_NS,0.0080156959593296,0.0632148012518882
2024-06-19,JSWSTEEL_NS,0.0062624830752611,0.0164688341319561
2024-06-19,TATASTEEL_NS,0.0045922514982521,-0.075050264596939
2024-06-19,TATAPOWER_NS,0.0032898476347327,-0.0671662837266922
2024-06-19,TATAINVEST_NS,0.0062825009226799,-0.0638931766152381
2024-06-19,TATAELXSI_NS,0.0039717201143503,-0.1443076282739639
2024-06-19,POWERINDIA_NS,0.0060408171266317,-0.016432199627161
2024-06-19,PREMIERENE_NS,-0.0041638230904936,0.0
2024-06-19,PRESTIGE_NS,0.0079250754788517,0.004033132456243
2024-06-19,RADICO_NS,0.0057026944123208,-0.1087110638618469
2024-06-19,RECLTD_NS,0.0013302076840773,0.1233448460698127
2024-06-19,RELIANCE_NS,0.0042770439758896,0.0306896716356277
2024-06-19,RVNL_NS,0.0009001098806038,0.4567245244979858
2024-06-19,SAIL_NS,0.000243057613261,-0.0188110284507274
2024-06-19,SBICARD_NS,0.0050169886089861,-0.0830920338630676
2024-06-19,SBILIFE_NS,0.0061075803823769,0.0610163360834121
2024-06-19,POLYCAB_NS,0.0059907557442784,-0.0624864846467971
2024-06-19,SBIN_NS,0.0047500059008598,0.0658875480294227
2024-06-19,SHRIRAMFIN_NS,0.0058818459510803,-0.028158189728856
2024-06-19,SIEMENS_NS,0.0023515629582107,-0.0648939162492752
2024-06-19,SOLARINDS_NS,0.0046823476441204,0.1281715929508209
2024-06-19,SRF_NS,0.0080331191420555,-0.0367765687406063
2024-06-19,SUNPHARMA_NS,0.005097618792206,0.0221685543656349
2024-06-19,SUPREMEIND_NS,0.0066153449006378,-0.0329072698950767
2024-06-19,SUZLON_NS,0.0048923264257609,0.1093402728438377
2024-06-19,SWIGGY_NS,-0.0041638230904936,0.0
2024-06-19,TATACAP_NS,-0.0041638230904936,0.0
2024-06-19,TATACONSUM_NS,0.006628896575421,-0.0005460060201585
2024-06-19,SHREECEM_NS,0.0062642781995236,-0.0258821956813335
2024-06-19,ZYDUSLIFE_NS,0.0074905958026647,0.0408685281872749
2024-06-19,JSWENERGY_NS,0.0049240509979426,0.0034922617487609
2024-06-19,JINDALSTEL_NS,0.0027060406282544,-0.0640919134020805
2024-06-19,BDL_NS,0.0016618577064946,-0.0326350256800651
2024-06-19,BEL_NS,0.0006982983322814,0.0210386272519826
2024-06-19,BHARATFORG_NS,0.0043709408491849,-0.0467924252152442
2024-06-19,BHARTIARTL_NS,0.0048397178761661,0.0316362828016281
2024-06-19,BHEL_NS,0.0023051872849464,0.0208046156913042
2024-06-19,BIOCON_NS,0.0063295350410044,-0.0128599973395466
2024-06-19,BLUESTARCO_NS,0.0070615434087812,-0.0044733299873769
2024-06-19,BOSCHLTD_NS,0.0068555497564375,0.065005749464035
2024-06-19,BPCL_NS,0.0048203961923718,-0.0467766262590885
2024-06-19,BRITANNIA_NS,0.0082693491131067,0.032046865671873
2024-06-19,BSE_NS,0.0068153440952301,-0.2196758240461349
2024-06-19,CANBK_NS,0.0049274931661784,-0.0470109172165393
2024-06-19,CGPOWER_NS,0.0060006445273756,0.0310812853276729
2024-06-19,CHOLAFIN_NS,0.0074669681489467,-0.0513204261660575
2024-06-19,CIPLA_NS,0.0043209474533796,-0.0718908011913299
2024-06-19,COALINDIA_NS,0.0043071024119853,0.0148957455530762
2024-06-19,COCHINSHIP_NS,0.0046410569921135,0.1505264639854431
2024-06-19,COFORGE_NS,-0.0019506997196003,-0.0133055904880166
2024-06-19,COLPAL_NS,0.0048409528099,0.0146273737773299
2024-06-19,CONCOR_NS,0.0041096340864896,-0.0816001072525978
2024-06-19,COROMANDEL_NS,0.0077363885939121,0.0140762794762849
2024-06-19,BANKBARODA_NS,0.0070650242269039,-0.0737198591232299
2024-06-19,CUMMINSIND_NS,-0.0004844031063839,-0.0270891115069389
2024-06-19,BAJFINANCE_NS,0.0067290095612406,-0.0727417320013046
2024-06-19,BAJAJHLDNG_NS,0.0022876681759953,0.1368391513824463
2024-06-19,JIOFIN_NS,0.0057205185294151,-0.0561081655323505
2024-06-19,360ONE_NS,0.0053618182428181,0.0894692167639732
2024-06-19,ABB_NS,0.0034286743029952,-0.0836021453142166
2024-06-19,ABCAPITAL_NS,0.0051613189280033,-0.1342361271381378
2024-06-19,ADANIENSOL_NS,-0.0007560009835287,-0.0029905084520578
2024-06-19,ADANIENT_NS,-0.0027454737573862,-0.0817993432283401
2024-06-19,ADANIGREEN_NS,0.0007397612789645,-0.0436925552785396
2024-06-19,ADANIPORTS_NS,0.0013958682538941,0.0199151020497083
2024-06-19,ADANIPOWER_NS,0.0052390713244676,-0.0675456076860427
2024-06-19,ALKEM_NS,0.0007392355473712,-0.0330086536705493
2024-06-19,AMBUJACEM_NS,0.0021438058465719,-0.0035526761785149
2024-06-19,APLAPOLLO_NS,0.0009337832452729,-0.0164688341319561
2024-06-19,APOLLOHOSP_NS,0.0078515978530049,0.0106761520728468
2024-06-19,ASHOKLEY_NS,0.0061633354052901,-0.0190512016415596
2024-06-19,ASIANPAINT_NS,0.0048691970296204,0.0130064887925982
2024-06-19,ASTRAL_NS,0.0060806693509221,0.0
2024-06-19,ATGL_NS,-0.0018937656423076,-0.0428503416478633
2024-06-19,AUBANK_NS,0.0073873214423656,-0.0108437854796648
2024-06-19,AUROPHARMA_NS,0.0075770728290081,0.0624524429440498
2024-06-19,AXISBANK_NS,0.0065428623929619,0.0766339898109436
2024-06-19,BAJAJFINSV_NS,0.0050795865245163,-0.0064873723313212
2024-06-19,BAJAJ_AUTO_NS,0.006767994724214,-0.0314363427460193
2024-06-19,DABUR_NS,0.0070895864628255,0.0
2024-06-19,BANKINDIA_NS,0.0052218115888535,0.007278589066118
2024-06-19,DIXON_NS,0.0064597455784678,-0.0236006397753953
2024-06-19,HINDALCO_NS,0.0047958688810467,0.0378374010324478
2024-06-19,HINDPETRO_NS,0.0054452661424875,-0.0392563790082931
2024-06-19,HINDUNILVR_NS,0.0079233217984437,0.0441849902272224
2024-06-19,HINDZINC_NS,0.0033034137450158,0.0499497577548027
2024-06-19,HUDCO_NS,0.0054040332324802,0.1160746365785598
2024-06-19,HYUNDAI_NS,-0.0041638230904936,0.0
2024-06-19,ICICIAMC_NS,-0.0041638230904936,0.0
2024-06-19,ICICIBANK_NS,0.0053368862718343,0.1108260452747345
2024-06-19,ICICIGI_NS,0.0041079055517911,-0.0005078200483694
2024-06-19,IDEA_NS,0.0048514558002352,-0.0810708627104759
2024-06-19,HEROMOTOCO_NS,0.006825759075582,-0.0148429302498698
2024-06-19,IDFCFIRSTB_NS,0.0064959810115396,-0.0541066341102123
2024-06-19,INDIANB_NS,0.0042723715305328,0.0528896525502204
2024-06-19,INDIGO_NS,0.0052110124379396,0.0125509109348058
2024-06-19,INDUSINDBK_NS,0.0057198251597583,-0.0299765486270189
2024-06-19,INDUSTOWER_NS,0.0033803032711148,0.1867908835411071
2024-06-19,INFY_NS,0.007397411391139,0.0540066100656986
2024-06-19,IOC_NS,0.0059558516368269,0.0
2024-06-19,IRCTC_NS,-0.0010587734868749,-0.0199151020497083
2024-06-19,IREDA_NS,0.0050370930694043,0.436936467885971
2024-06-19,IRFC_NS,0.0045820013619959,0.1370408833026886
2024-06-19,DIVISLAB_NS,0.0057567255571484,-0.0141731407493352
2024-06-19,INDHOTEL_NS,0.0063514867797493,-0.083031490445137
2024-06-19,HDFCLIFE_NS,0.0048269992694258,0.0005078200483694
2024-06-19,ITC_NS,0.0066892867907881,0.0533832386136055
2024-06-19,DLF_NS,0.0061878436245024,-0.004033132456243
2024-06-19,HDFCBANK_NS,0.0040550082921981,-0.007278589066118
2024-06-19,DMART_NS,0.0026300945319235,-0.002036334015429
2024-06-19,DRREDDY_NS,0.0066783516667783,0.0908963605761528
2024-06-19,EICHERMOT_NS,0.0032862275838851,0.0187139734625816
2024-06-19,ENRIN_NS,-0.0041638230904936,0.0
2024-06-19,ETERNAL_NS,0.0049748201854527,0.0978305712342262
2024-06-19,FEDERALBNK_NS,0.0064241387881338,0.1162070259451866
2024-06-19,FORTIS_NS,0.0073484145104885,-0.0393115803599357
2024-06-19,GAIL_NS,0.0067101316526532,-0.0174089130014181
2024-06-19,GLENMARK_NS,0.0040815360844135,0.1109575629234314
2024-06-19,EXIDEIND_NS,0.0067851422354578,-0.0111771468073129
2024-06-19,GODFRYPHLP_NS,0.0070224069058895,0.004930849187076
2024-06-19,GODREJCP_NS,0.0076794326305389,-0.0178006645292043
2024-06-19,GODREJPROP_NS,0.0071696788072586,0.1262297481298446
2024-06-19,GRASIM_NS,0.0049277800135314,0.0940657183527946
2024-06-19,HDFCAMC_NS,0.0051291789859533,0.0064873723313212
2024-06-19,GROWW_NS,-0.0041638230904936,0.0
2024-06-19,GVT_D_NS,0.0054384400136768,-0.0210911966860294
2024-06-19,HAL_NS,0.001912671723403,-0.0705058351159095
2024-06-19,HAVELLS_NS,0.0017343877116218,0.0044733299873769
2024-06-19,HCLTECH_NS,0.0088563645258545,-0.0189584475010633
2024-06-19,GMRAIRPORT_NS,0.005956383422017,-0.0570175014436244
2024-07-19,NTPC_NS,0.008022055029869,0.0829348564147949
2024-07-19,NMDC_NS,0.005690973252058,0.0030995495617389
2024-07-19,NHPC_NS,0.008161162957549,-0.1211668252944946
2024-07-19,M_MFIN_NS,0.0059956982731819,0.0451331473886966
2024-07-19,NAUKRI_NS,0.0057431175373494,0.083224631845951
2024-07-19,NATIONALUM_NS,0.0077490611001849,-0.0581351295113563
2024-07-19,M_M_NS,0.0019888849928975,0.0046186153776943
2024-07-19,NYKAA_NS,0.008308595046401,0.0089426105841994
2024-07-19,NESTLEIND_NS,0.0094010904431343,-0.0313943773508071
2024-07-19,OBEROIRLTY_NS,0.002163479104638,0.0976735427975654
2024-07-19,PATANJALI_NS,0.0066569931805133,0.1330712884664535
2024-07-19,OIL_NS,0.004685956519097,0.0893932655453682
2024-07-19,ONGC_NS,0.007264669984579,-0.0421729013323783
2024-07-19,PAGEIND_NS,0.0070339576341211,-0.0553801357746124
2024-07-19,PAYTM_NS,0.0077560134232044,0.1490306258201599
2024-07-19,PERSISTENT_NS,0.0066118603572249,0.0306790638715028
2024-07-19,PFC_NS,0.007629046216607,-0.0263754911720752
2024-07-19,PHOENIXLTD_NS,0.0076577998697757,-0.0523264966905117
2024-07-19,PIDILITIND_NS,0.0077305873855948,-0.0689475089311599
2024-07-19,PIIND_NS,0.0079078823328018,0.0707998424768447
2024-07-19,OFSS_NS,0.0070015033707022,-0.0218240357935428
2024-07-19,MUTHOOTFIN_NS,0.0089284759014844,0.0108756516128778
2024-07-19,KALYANKJIL_NS,0.0062670814804732,-0.04666119068861
2024-07-19,MPHASIS_NS,0.007512105628848,0.0027909814380109
2024-07-19,PNB_NS,0.006245938129723,0.0208360645920038
2024-07-19,KEI_NS,0.0052018575370311,0.160223126411438
2024-07-19,KOTAKBANK_NS,0.0077593326568603,0.0048576765693724
2024-07-19,KPITTECH_NS,0.0071306228637695,-0.0360868275165557
2024-07-19,LAURUSLABS_NS,0.0074656680226325,-0.1090602055191993
2024-07-19,LENSKART_NS,-0.0041267564520239,0.0
2024-07-19,LGEINDIA_NS,-0.0041267564520239,0.0
2024-07-19,LICHSGFIN_NS,0.0063135344535112,-0.141646459698677
2024-07-19,LODHA_NS,0.003620630595833,-0.0908293724060058
2024-07-19,LTF_NS,0.007252374663949,-0.0500526130199432
2024-07-19,MRF_NS,0.008168626576662,0.0567884556949138
2024-07-19,LTM_NS,-0.0041267564520239,0.0
2024-07-19,LUPIN_NS,0.0037166904658079,0.0571055449545383
2024-07-19,MANKIND_NS,0.0066110007464885,0.0
2024-07-19,MARICO_NS,0.0065193567425012,0.0
2024-07-19,MARUTI_NS,0.0054336651228368,-0.0189607646316289
2024-07-19,MAXHEALTH_NS,0.0068477885797619,-0.0938455015420913
2024-07-19,MAZDOCK_NS,0.0063480860553681,-0.1927356719970703
2024-07-19,MCX_NS,0.0061012040823698,0.2144731730222702
2024-07-19,MFSL_NS,0.0082055553793907,-0.0024278867058455
2024-07-19,MOTHERSON_NS,0.0043218699283897,-0.0130092063918709
2024-07-19,MOTILALOFS_NS,0.0014371500583365,0.2413163036108017
2024-07-19,LT_NS,0.0081736836582422,0.0085401274263858
2024-07-19,POLICYBZR_NS,0.0072476165369153,0.1616994440555572
2024-07-19,TATACONSUM_NS,0.0077863978222012,-0.002262960653752
2024-07-19,POWERGRID_NS,0.0077768489718437,0.0
2024-07-19,TCS_NS,0.0077161369845271,0.0068167746067047
2024-07-19,TECHM_NS,0.0073999669402837,0.0447534322738647
2024-07-19,TIINDIA_NS,0.0052118333987891,0.0244172122329473
2024-07-19,TITAN_NS,0.0034333416260778,-0.0089426105841994
2024-07-19,TMCV_NS,-0.0041267564520239,0.0
2024-07-19,TMPV_NS,-0.0041267564520239,0.0
2024-07-19,TORNTPHARM_NS,0.0075492421165108,0.029892748221755
2024-07-19,TRENT_NS,0.0044175013899803,0.200770765542984
2024-07-19,TVSMOTOR_NS,0.0056245513260364,0.0886240378022193
2024-07-19,ULTRACEMCO_NS,0.0067679779604077,0.0713081583380699
2024-07-19,UNIONBANK_NS,0.0071609579026699,-0.0636419504880905
2024-07-19,UNITDSPR_NS,0.0051305834203958,0.0806317701935768
2024-07-19,UPL_NS,0.0056777382269501,-0.0077506364323198
2024-07-19,VBL_NS,0.0062267095781862,-0.0441782251000404
2024-07-19,VEDL_NS,0.0062245521694421,0.0459627360105514
2024-07-19,VMM_NS,-0.0041267564520239,0.0
2024-07-19,VOLTAS_NS,0.0073530934751033,0.099916324019432
2024-07-19,WAAREEENER_NS,-0.0041267564520239,0.0
2024-07-19,WIPRO_NS,0.0070168036036193,-0.1034448146820068
2024-07-19,YESBANK_NS,0.0097862994298338,0.0031002580653876
2024-07-19,JUBLFOOD_NS,0.0073191598057746,0.0369389951229095
2024-07-19,TATASTEEL_NS,0.0025950255803763,-0.0030995495617389
2024-07-19,TATAPOWER_NS,0.0074333027005195,-0.0134702464565634
2024-07-19,TATAINVEST_NS,0.0056949793361127,-0.019364345818758
2024-07-19,TATAELXSI_NS,0.0065441830083727,-0.0506135933101177
2024-07-19,POWERINDIA_NS,0.002729364670813,0.1034721881151199
2024-07-19,PREMIERENE_NS,-0.0041267564520239,0.0
2024-07-19,PRESTIGE_NS,0.0045031257905066,0.0383436828851699
2024-07-19,RADICO_NS,0.0025667510926723,0.0156030692160129
2024-07-19,RECLTD_NS,0.0063674082048237,0.0010709470370784
2024-07-19,RELIANCE_NS,0.007080053910613,-0.1097643375396728
2024-07-19,RVNL_NS,0.007679552771151,-0.0673417299985885
2024-07-19,SAIL_NS,0.0077868793159723,-0.0415416322648525
2024-07-19,SBICARD_NS,0.0076670106500387,-0.0907173156738281
2024-07-19,SBILIFE_NS,0.008687263354659,-0.0129910074174404
2024-07-19,POLYCAB_NS,0.0013005101354792,0.0504267215728759
2024-07-19,SBIN_NS,0.0085759796202182,-0.0671684145927429
2024-07-19,SHRIRAMFIN_NS,0.0049477480351924,0.1149085685610771
2024-07-19,SIEMENS_NS,0.002063367050141,0.017564034089446
2024-07-19,SOLARINDS_NS,0.0062431450933218,-0.0538955777883529
2024-07-19,SRF_NS,0.007536269724369,0.0038156767841428
2024-07-19,SUNPHARMA_NS,0.0074051022529602,0.0164748858660459
2024-07-19,SUPREMEIND_NS,0.0047576413489878,-0.0788768976926803
2024-07-19,SUZLON_NS,0.0083658443763852,0.3757584393024444
2024-07-19,SWIGGY_NS,-0.0041267564520239,0.0
2024-07-19,TATACAP_NS,-0.0041267564520239,0.0
2024-07-19,TATACOMM_NS,0.0078465901315212,0.0250137224793434
2024-07-19,SHREECEM_NS,0.0065932278521358,-0.0389850065112113
2024-07-19,JSWSTEEL_NS,0.007934178225696,0.0522086694836616
2024-07-19,ZYDUSLIFE_NS,0.0082384012639522,-0.058480329811573
2024-07-19,JIOFIN_NS,0.0056994040496647,-0.0136724589392542
2024-07-19,BEL_NS,0.0067152376286685,-0.023636095225811
2024-07-19,BHARATFORG_NS,0.0045150523073971,-0.0046186153776943
2024-07-19,BHARTIARTL_NS,0.0074955811724066,-0.0277437847107648
2024-07-19,BHEL_NS,0.0067354915663599,-0.0073740677908062
2024-07-19,BIOCON_NS,0.0059527950361371,-0.0683483704924583
2024-07-19,BLUESTARCO_NS,0.0064146444201469,0.024329038336873
2024-07-19,BOSCHLTD_NS,0.0064034671522676,-0.0644280761480331
2024-07-19,BPCL_NS,0.007573302835226,0.0970354154706001
2024-07-19,BRITANNIA_NS,0.0075864531099796,-0.006705755367875
2024-07-19,BSE_NS,0.0038700620643794,0.1747621893882751
2024-07-19,CANBK_NS,0.0057812547311186,6.577678504982032e-06
2024-07-19,CGPOWER_NS,0.0051245191134512,0.068939484655857
2024-07-19,CHOLAFIN_NS,0.0061816545203328,-0.0350566357374191
2024-07-19,CIPLA_NS,0.0059183090925216,-0.0430220253765583
2024-07-19,COALINDIA_NS,0.0084134098142385,0.0493188649415969
2024-07-19,COCHINSHIP_NS,0.0065384800545871,-0.219755083322525
2024-07-19,COFORGE_NS,0.0082572326064109,-0.0184867344796657
2024-07-19,COLPAL_NS,0.0064302701503038,0.1304625421762466
2024-07-19,CONCOR_NS,0.0067633702419698,-0.0085401274263858
2024-07-19,COROMANDEL_NS,0.0056053795851767,0.0959009453654289
2024-07-19,CUMMINSIND_NS,0.0040376340039074,0.0571374520659446
2024-07-19,BDL_NS,0.0055988687090575,-0.1303563714027404
2024-07-19,BANKINDIA_NS,0.0081628700718283,-6.577678504982032e-06
2024-07-19,BANKBARODA_NS,0.0037312027998268,0.0285055059939622
2024-07-19,BAJFINANCE_NS,0.0064624822698533,-0.0382245443761348
2024-07-19,360ONE_NS,0.006500897463411,0.1237306222319603
2024-07-19,ABB_NS,0.002266158349812,0.0073740677908062
2024-07-19,ABCAPITAL_NS,0.0017054026247933,0.0039408183656632
2024-07-19,ADANIENSOL_NS,0.0072176242247223,0.051618106663227
2024-07-19,ADANIENT_NS,0.0057164044119417,0.0213787499815225
2024-07-19,ADANIGREEN_NS,0.0062753497622907,0.0775190442800521
2024-07-19,ADANIPORTS_NS,0.0076125599443912,0.0369780473411083
2024-07-19,ADANIPOWER_NS,0.0056135570630431,-0.0315910354256629
2024-07-19,ALKEM_NS,0.0070637264288961,0.0090853590518236
2024-07-19,AMBUJACEM_NS,0.0077791512012481,-0.021621061488986
2024-07-19,DABUR_NS,0.0078746294602751,-0.015979079529643
2024-07-19,APLAPOLLO_NS,0.0058844797313213,-0.0790233239531517
2024-07-19,ASHOKLEY_NS,0.0033382838591933,0.1459072381258011
2024-07-19,ASIANPAINT_NS,0.0085309837013483,0.0
2024-07-19,ASTRAL_NS,0.0033694859594106,0.0
2024-07-19,ATGL_NS,0.0077018439769744,-0.0336493477225303
2024-07-19,AUBANK_NS,0.0015776386717334,-0.0062718633562326
2024-07-19,AUROPHARMA_NS,0.0062634297646582,0.0420224145054817
2024-07-19,AXISBANK_NS,0.0082030910998582,-0.0875170305371284
2024-07-19,BAJAJFINSV_NS,0.0079349037259817,-0.0309817884117364
2024-07-19,BAJAJHLDNG_NS,0.0073839360848069,-0.0010709470370784
2024-07-19,BAJAJ_AUTO_NS,0.004993949085474,0.0410843640565872
2024-07-19,APOLLOHOSP_NS,0.0085076764225959,0.0
2024-07-19,DIVISLAB_NS,0.0056530577130615,-0.0520977675914764
2024-07-19,JSWENERGY_NS,0.0057067382149398,-0.0260316617786884
2024-07-19,DLF_NS,0.0073382472619414,0.1137693375349044
2024-07-19,HINDUNILVR_NS,0.0079037519171834,0.0084069510921835
2024-07-19,HINDZINC_NS,0.0055867773480713,-0.203162208199501
2024-07-19,HUDCO_NS,0.007561769336462,-0.1132533028721809
2024-07-19,HYUNDAI_NS,-0.0041267564520239,0.0
2024-07-19,ICICIAMC_NS,-0.0041267564520239,0.0
2024-07-19,ICICIBANK_NS,0.0059763612225651,-0.0347904749214649
2024-07-19,ICICIGI_NS,0.0071079786866903,0.0129910074174404
2024-07-19,IDEA_NS,0.0049628843553364,-0.0202429164201021
2024-07-19,INDHOTEL_NS,0.0027917604893445,-0.008998199366033
2024-07-19,INDIANB_NS,0.0078200297430157,0.0089185880497097
2024-07-19,INDIGO_NS,0.0085412859916687,0.0048116114921867
2024-07-19,INDUSINDBK_NS,0.0064554773271083,-0.022708797827363
2024-07-19,INDUSTOWER_NS,0.0045925034210085,0.0202429164201021
2024-07-19,INFY_NS,0.0072092721238732,0.0
2024-07-19,IOC_NS,0.0093116117641329,-0.0344221517443656
2024-07-19,IRCTC_NS,0.006703682243824,-0.0392581149935722
2024-07-19,IREDA_NS,0.0071390513330698,-0.1236575096845626
2024-07-19,IRFC_NS,0.0083802323788404,-0.1417507529258728
2024-07-19,ITC_NS,0.0066914032213389,0.0494645200669765
2024-07-19,JINDALSTEL_NS,0.0028968411497771,0.0250219088047742
2024-07-19,DIXON_NS,0.005007442086935,0.0447029843926429
2024-07-19,HINDPETRO_NS,0.0073754107579588,0.1032212451100349
2024-07-19,HINDALCO_NS,0.0076357405632734,0.0420787408947944
2024-07-19,IDFCFIRSTB_NS,0.002768917940557,-0.0221015941351652
2024-07-19,HDFCLIFE_NS,0.0076763648539781,0.0314054675400257
2024-07-19,HEROMOTOCO_NS,0.0045908656902611,-0.0303916819393634
2024-07-19,DRREDDY_NS,0.0063617532141506,-0.0537865124642849
2024-07-19,EICHERMOT_NS,0.0056902593933045,0.0143553661182522
2024-07-19,ENRIN_NS,-0.0041267564520239,0.0
2024-07-19,ETERNAL_NS,0.0069466405548155,0.1840408593416214
2024-07-19,EXIDEIND_NS,0.0052115442231297,-0.0830461904406547
2024-07-19,FEDERALBNK_NS,0.0085450988262891,0.0755694657564163
2024-07-19,GAIL_NS,0.0088027110323309,0.0
2024-07-19,GLENMARK_NS,0.0078974161297082,0.0455406866967678
2024-07-19,GMRAIRPORT_NS,0.0067789861932396,0.059791550040245
2024-07-19,GODFRYPHLP_NS,0.0052966605871915,0.3285982012748718
2024-07-19,FORTIS_NS,0.0056178900413215,0.0498497411608696
2024-07-19,DMART_NS,0.0092948414385318,-0.0595096945762634
2024-07-19,GODREJCP_NS,0.007761213928461,-0.0374161601066589
2024-07-19,HDFCAMC_NS,0.0079333037137985,0.0481793992221355
2024-07-19,HCLTECH_NS,0.0077801784500479,0.0205980949103832
2024-07-19,HAVELLS_NS,0.0060725365765392,0.0502825304865837
2024-07-19,HAL_NS,0.003886735998094,-0.0294684898108243
2024-07-19,HDFCBANK_NS,0.001291892142035,0.0323893427848815
2024-07-19,GROWW_NS,-0.0041267564520239,0.0
2024-07-19,GRASIM_NS,0.0052538900636136,0.021621061488986
2024-07-19,GODREJPROP_NS,0.0079573411494493,-0.0383436828851699
2024-07-19,GVT_D_NS,0.0064342659898102,0.1765195429325103
2024-08-20,NYKAA_NS,0.0079323193058371,-0.0411594584584236
2024-08-20,NTPC_NS,0.0060664070770144,0.0376359075307846
2024-08-20,NMDC_NS,0.0052010463550686,-0.0804130434989929
2024-08-20,M_M_NS,0.0034649232402443,0.0142107317224144
2024-08-20,NESTLEIND_NS,0.0033524446189403,-0.0079577602446079
2024-08-20,NAUKRI_NS,0.0078521827235817,0.0440750569105148
2024-08-20,NATIONALUM_NS,0.0032445942051708,0.043174173682928
2024-08-20,OBEROIRLTY_NS,0.0051783393137156,0.0221800133585929
2024-08-20,NHPC_NS,0.003016693983227,-0.0068354858085513
2024-08-20,OFSS_NS,-0.0017941909609362,0.0
2024-08-20,PAYTM_NS,0.0086453091353178,0.0817095711827278
2024-08-20,ONGC_NS,0.005031500943005,-0.08159039914608
2024-08-20,PAGEIND_NS,0.0050729601643979,-0.0264215152710676
2024-08-20,PATANJALI_NS,0.00689218332991,-0.0457316450774669
2024-08-20,PERSISTENT_NS,0.0042603318579494,0.0301886145025491
2024-08-20,PFC_NS,0.0008128132903948,-0.1375542730093002
2024-08-20,PHOENIXLTD_NS,0.0022711963392794,-0.0458858609199523
2024-08-20,PIDILITIND_NS,0.0046790563501417,-0.0135559597983956
2024-08-20,PIIND_NS,0.0059209335595369,0.0192110408097505
2024-08-20,PNB_NS,0.004807332996279,-0.0486877486109733
2024-08-20,OIL_NS,0.0073402607813477,-0.0805171504616737
2024-08-20,M_MFIN_NS,0.0048534111119806,0.075612261891365
2024-08-20,KEI_NS,0.0042017204686999,-0.0451428070664405
2024-08-20,MRF_NS,0.0055487430654466,-0.0110878646373748
2024-08-20,POLICYBZR_NS,0.008297068066895,0.0834429711103439
2024-08-20,KOTAKBANK_NS,0.0047430205158889,0.0461033172905445
2024-08-20,KPITTECH_NS,0.0044118696823716,-0.0747853890061378
2024-08-20,LAURUSLABS_NS,0.0038184942677617,0.0654511079192161
2024-08-20,LENSKART_NS,-0.0041788015514612,0.0
2024-08-20,LGEINDIA_NS,-0.0041788015514612,0.0
2024-08-20,LICHSGFIN_NS,-0.0014273374108597,-0.0727501735091209
2024-08-20,LODHA_NS,0.0031244028359651,0.0152906877920031
2024-08-20,LTF_NS,0.0024874052032828,0.0560589730739593
2024-08-20,LTM_NS,-0.0041788015514612,0.0
2024-08-20,MUTHOOTFIN_NS,0.0047986945137381,-0.0130368126556277
2024-08-20,LT_NS,0.0045835999771952,0.0767576545476913
2024-08-20,MANKIND_NS,0.0052601313218474,-0.0229177214205265
2024-08-20,MARICO_NS,0.0037322803400456,0.0
2024-08-20,MARUTI_NS,0.0031411722302436,9.483296162215991e-05
2024-08-20,MAXHEALTH_NS,0.002435250673443,0.0
2024-08-20,MAZDOCK_NS,0.0030095833353698,-0.0112141733989119
2024-08-20,MCX_NS,0.0062914392910897,0.1099442094564437
2024-08-20,MFSL_NS,6.968271918594837e-06,0.0273984931409358
2024-08-20,MOTHERSON_NS,-0.0006179738556966,0.0754456669092178
2024-08-20,MOTILALOFS_NS,0.0025061015039682,0.1344628036022186
2024-08-20,MPHASIS_NS,-0.0001880157506093,-0.01968889310956
2024-08-20,LUPIN_NS,0.0071523208171129,0.0213874578475952
2024-08-20,POLYCAB_NS,0.0050448905676603,-0.0001982966641662
2024-08-20,TATAELXSI_NS,0.0058535509742796,0.0793905854225158
2024-08-20,POWERINDIA_NS,0.0046032685786485,0.0411614179611206
2024-08-20,TECHM_NS,0.0038096588104963,-0.0325233079493045
2024-08-20,TIINDIA_NS,0.0055316174402832,-0.021274933591485
2024-08-20,TITAN_NS,0.0026257452555,-0.007510982453823
2024-08-20,TMCV_NS,-0.0041788015514612,0.0
2024-08-20,TMPV_NS,-0.0041788015514612,0.0
2024-08-20,TORNTPHARM_NS,0.0081152925267815,-0.0395369566977024
2024-08-20,TRENT_NS,0.0023847091943025,-0.0003375422093085
2024-08-20,TVSMOTOR_NS,0.0084603056311607,0.0558031015098094
2024-08-20,ULTRACEMCO_NS,0.0028757862746715,0.0052880868315696
2024-08-20,UNIONBANK_NS,0.0022557452321052,0.0067407572641968
2024-08-20,UNITDSPR_NS,0.0047430987469851,0.0499739237129688
2024-08-20,UPL_NS,0.0037895697169005,0.0127575127407908
2024-08-20,VBL_NS,0.0020772847346961,0.0418596900999546
2024-08-20,VEDL_NS,0.0052032903768122,0.017911547794938
2024-08-20,VMM_NS,-0.0041788015514612,0.0
2024-08-20,VOLTAS_NS,0.00547029171139,0.1474172174930572
2024-08-20,WAAREEENER_NS,-0.0041788015514612,0.0
2024-08-20,WIPRO_NS,0.0007975195767357,0.0072304480709135
2024-08-20,YESBANK_NS,0.005336950533092,-0.0223484113812446
2024-08-20,ZYDUSLIFE_NS,0.0027795392088592,-0.1379371285438537
2024-08-20,KALYANKJIL_NS,0.0033493968658149,0.1751715391874313
2024-08-20,TCS_NS,0.0026593720540404,-0.0581270344555377
2024-08-20,TATASTEEL_NS,0.0052226949483156,-0.0520733557641506
2024-08-20,TATAPOWER_NS,0.0030057094991207,0.0607979297637939
2024-08-20,TATAINVEST_NS,0.0048503638245165,0.0876768082380294
2024-08-20,PREMIERENE_NS,-0.0041788015514612,0.3009729385375976
2024-08-20,PRESTIGE_NS,0.0047679073177278,0.0490653291344642
2024-08-20,RADICO_NS,0.004686418455094,0.236503005027771
2024-08-20,RECLTD_NS,0.0024145473726093,-0.1799318343400955
2024-08-20,RELIANCE_NS,0.0032533663325011,0.016843881458044
2024-08-20,RVNL_NS,0.0026286621578037,-0.0271855983883142
2024-08-20,SAIL_NS,0.004201615229249,-0.0568407364189624
2024-08-20,SBICARD_NS,0.004375796765089,0.0521561466157436
2024-08-20,SBILIFE_NS,0.0045592677779495,0.0043490123935043
2024-08-20,SBIN_NS,0.0012672488810494,-0.0067407572641968
2024-08-20,POWERGRID_NS,0.005374165251851,0.0
2024-08-20,SHREECEM_NS,-0.0025377934798598,-0.0052880868315696
2024-08-20,SIEMENS_NS,0.0045240209437906,-0.0322778448462486
2024-08-20,SOLARINDS_NS,0.0024875150993466,0.0435088723897933
2024-08-20,SRF_NS,0.004634007345885,-0.0888083800673484
2024-08-20,SUNPHARMA_NS,0.0073293056339025,0.0
2024-08-20,SUPREMEIND_NS,0.0054455250501632,0.0038290449883788
2024-08-20,SUZLON_NS,0.0067631625570356,0.0173483211547136
2024-08-20,SWIGGY_NS,-0.0041788015514612,0.0
2024-08-20,TATACAP_NS,-0.0041788015514612,0.0
2024-08-20,TATACOMM_NS,0.0045262402854859,0.0299158580601215
2024-08-20,TATACONSUM_NS,0.0055500362068414,-0.0137081267312169
2024-08-20,SHRIRAMFIN_NS,0.0066214809194207,0.0374772883951664
2024-08-20,JUBLFOOD_NS,0.0079415086656808,0.0003375422093085
2024-08-20,JSWSTEEL_NS,0.0047553987242281,0.0120158940553665
2024-08-20,360ONE_NS,0.0060163182206451,-0.1018884256482124
2024-08-20,BHARATFORG_NS,0.0029067401774227,-9.483296162215991e-05
2024-08-20,BHARTIARTL_NS,0.006598918698728,0.1029642522335052
2024-08-20,BHEL_NS,0.003463277593255,-0.0933852940797805
2024-08-20,BIOCON_NS,0.0031351139768958,0.0089137749746441
2024-08-20,BLUESTARCO_NS,0.0069351969286799,0.1133828908205032
2024-08-20,BOSCHLTD_NS,-0.0026260372251272,0.0705524757504463
2024-08-20,BPCL_NS,0.0056485603563487,0.0
2024-08-20,BRITANNIA_NS,0.0029055774211883,0.0214401688426733
2024-08-20,BSE_NS,0.0033020405098795,0.2797472178936004
2024-08-20,CANBK_NS,0.00427289865911,-0.0271098595112562
2024-08-20,CGPOWER_NS,0.0033399891108274,0.02787721529603
2024-08-20,CHOLAFIN_NS,0.004510214086622,0.0501932874321937
2024-08-20,CIPLA_NS,0.0079071596264839,0.0165593400597572
2024-08-20,COALINDIA_NS,0.0072444202378392,-0.0557901337742805
2024-08-20,COCHINSHIP_NS,-0.0001366193173453,-0.1665758192539215
2024-08-20,COFORGE_NS,0.0018489091889932,0.0968557149171829
2024-08-20,COLPAL_NS,0.0064281937666237,-0.0171284973621368
2024-08-20,CONCOR_NS,0.0042844912968575,-0.0189430881291627
2024-08-20,COROMANDEL_NS,0.0075051188468933,-0.0112086022272706
2024-08-20,CUMMINSIND_NS,0.0037298230454325,0.0001982966641662
2024-08-20,DABUR_NS,0.0024297963827848,0.0103028258308768
2024-08-20,BEL_NS,0.0031915525905787,-0.0518477000296115
2024-08-20,BANKINDIA_NS,0.0040777344256639,-0.0464350059628486
2024-08-20,BANKBARODA_NS,0.0066928635351359,-0.0394394248723983
2024-08-20,BAJFINANCE_NS,0.005048245191574,0.0409371368587017
2024-08-20,JSWENERGY_NS,0.003096539992839,0.0743249580264091
2024-08-20,ABB_NS,0.0043356078676879,0.0168316476047039
2024-08-20,ABCAPITAL_NS,0.0051709748804569,-0.0452683195471763
2024-08-20,ADANIENSOL_NS,0.0047272602096199,-0.0971475690603256
2024-08-20,ADANIENT_NS,0.0051567158661782,-0.0379507355391979
2024-08-20,ADANIGREEN_NS,0.0063004870899021,0.0318978726863861
2024-08-20,ADANIPORTS_NS,0.0042472351342439,-0.0101007428020238
2024-08-20,ADANIPOWER_NS,0.0047660847194492,-0.0465983413159847
2024-08-20,ALKEM_NS,0.0092316344380378,0.0217755772173404
2024-08-20,AMBUJACEM_NS,0.0019510361598804,-0.0293742567300796
2024-08-20,DIVISLAB_NS,0.0036392323672771,0.1079731285572052
2024-08-20,APLAPOLLO_NS,0.0059744478203356,0.03479028865695
2024-08-20,ASHOKLEY_NS,0.0050870557315647,-0.0960782319307327
2024-08-20,ASIANPAINT_NS,0.0061259954236447,0.0
2024-08-20,ASTRAL_NS,0.0028329323977231,0.0
2024-08-20,ATGL_NS,0.0060777128674089,-0.0794947370886802
2024-08-20,AUBANK_NS,0.002939564641565,0.1809854060411453
2024-08-20,AUROPHARMA_NS,0.0080668088048696,-0.0374714098870754
2024-08-20,AXISBANK_NS,-0.0005707441596314,0.0876027196645736
2024-08-20,BAJAJFINSV_NS,0.0025979778729379,0.0784293115139007
2024-08-20,BAJAJHLDNG_NS,0.0024961442686617,0.0130368126556277
2024-08-20,BAJAJ_AUTO_NS,0.0068878764286637,0.1847904324531555
2024-08-20,APOLLOHOSP_NS,0.0063295699656009,-0.0416254177689552
2024-08-20,DIXON_NS,0.0026708734221756,0.0269695445895195
2024-08-20,BDL_NS,0.0036431597545742,-0.0979925394058227
2024-08-20,DMART_NS,0.0054375943727791,-0.0411407798528671
2024-08-20,HINDUNILVR_NS,0.0066227721981704,0.0056567434221506
2024-08-20,HINDZINC_NS,-0.0051938313990831,-0.0492064580321311
2024-08-20,HUDCO_NS,0.0018474586540833,-0.1543476581573486
2024-08-20,HYUNDAI_NS,-0.0041788015514612,0.0
2024-08-20,ICICIAMC_NS,-0.0041788015514612,0.0
2024-08-20,ICICIBANK_NS,0.0017268100054934,0.1157355606555938
2024-08-20,ICICIGI_NS,0.0061990730464458,-0.0043490123935043
2024-08-20,IDEA_NS,0.0062103010714054,-0.2414035052061081
2024-08-20,IDFCFIRSTB_NS,0.0070456271059811,0.0197575110942125
2024-08-20,INDHOTEL_NS,0.0035470034927129,0.023552956059575
2024-08-20,HINDPETRO_NS,0.0053491983562707,0.0660508349537849
2024-08-20,INDIANB_NS,0.0036929887719452,-0.0731757208704948
2024-08-20,INDUSINDBK_NS,0.0046813883818686,0.096607320010662
2024-08-20,INDUSTOWER_NS,0.0031713508069515,-0.0299158580601215
2024-08-20,INFY_NS,0.0002473091008141,-0.0075760828331112
2024-08-20,IOC_NS,0.0030666086822748,0.0166168697178363
2024-08-20,IRCTC_NS,0.0048080976121127,0.0101007428020238
2024-08-20,IREDA_NS,0.002565253060311,-0.0558455660939216
2024-08-20,IRFC_NS,0.0039319535717368,-0.2083180099725723
2024-08-20,ITC_NS,0.0059398743323981,-0.021712988615036
2024-08-20,JINDALSTEL_NS,0.005146000534296,0.0480958484113216
2024-08-20,DLF_NS,0.0059166699647903,-0.0152906877920031
2024-08-20,INDIGO_NS,0.0044989380985498,0.1351615935564041
2024-08-20,HINDALCO_NS,0.0039523909799754,-0.0120158940553665
2024-08-20,JIOFIN_NS,0.0043962481431663,0.0374466031789779
2024-08-20,FORTIS_NS,0.0058070789091289,0.0199032928794622
2024-08-20,DRREDDY_NS,0.0043746884912252,-0.097442902624607
2024-08-20,EICHERMOT_NS,0.0003023251192644,-0.0057766148820519
2024-08-20,ENRIN_NS,-0.0041788015514612,0.0
2024-08-20,ETERNAL_NS,0.0080378167331218,0.04724707826972
2024-08-20,EXIDEIND_NS,0.0008410640293732,-0.0516602136194705
2024-08-20,FEDERALBNK_NS,0.0048967972397804,-0.0580445975065231
2024-08-20,HEROMOTOCO_NS,0.0038612489588558,0.129689872264862
2024-08-20,GAIL_NS,0.0064487899653613,-0.0438494719564914
2024-08-20,GLENMARK_NS,0.0060828053392469,-0.0323096215724945
2024-08-20,GODFRYPHLP_NS,0.0081701157614588,0.2699004411697387
2024-08-20,GMRAIRPORT_NS,0.0043756212107837,0.0177273172885179
2024-08-20,GODREJPROP_NS,0.002162120770663,-0.039643470197916
2024-08-20,GRASIM_NS,-0.0041195144876837,0.0129100289195775
2024-08-20,GROWW_NS,-0.0041788015514612,0.0
2024-08-20,GVT_D_NS,0.0035558226518332,-0.0654180720448494
2024-08-20,HAL_NS,0.0041015814058482,-0.0448664240539073
2024-08-20,HAVELLS_NS,0.0041854530572891,0.0680737793445587
2024-08-20,HCLTECH_NS,0.0034794961102306,0.0223439931869506
2024-08-20,HDFCAMC_NS,0.0070345080457627,-0.0552963577210903
2024-08-20,HDFCBANK_NS,0.007072374690324,0.0616933107376098
2024-08-20,HDFCLIFE_NS,0.0038626100867986,-0.0574401132762432
2024-08-20,GODREJCP_NS,0.0031358292326331,-0.0117094572633504
2024-09-18,NYKAA_NS,0.0050878440961241,-0.0965363010764122
2024-09-18,M_MFIN_NS,0.007112665567547,-0.1181647926568985
2024-09-18,M_M_NS,0.0058553027920424,0.0669612884521484
2024-09-18,NATIONALUM_NS,0.0057134167291224,0.1803377568721771
2024-09-18,NAUKRI_NS,0.0076242815703153,0.0438846908509731
2024-09-18,NESTLEIND_NS,0.0080791860818862,-0.04310979321599
2024-09-18,NHPC_NS,0.0068759713321924,-0.1083188578486442
2024-09-18,NMDC_NS,0.0061377501115202,0.0304344035685062
2024-09-18,NTPC_NS,0.0044754380360245,0.0324964821338653
2024-09-18,OBEROIRLTY_NS,0.0082390867173671,0.0866099074482917
2024-09-18,PIIND_NS,0.0078791119158267,0.0061375754885375
2024-09-18,OIL_NS,-0.0040971911512315,-0.0907151624560356
2024-09-18,ONGC_NS,-0.0008375946199521,-0.0061782770790159
2024-09-18,PAGEIND_NS,0.0064466246403753,0.0377647280693054
2024-09-18,PATANJALI_NS,0.00221410067752,0.0320767760276794
2024-09-18,PAYTM_NS,0.008481029421091,0.0578486770391464
2024-09-18,PERSISTENT_NS,0.0069283773191273,0.0311660766601562
2024-09-18,PFC_NS,-0.0007641672855243,-0.0095919175073504
2024-09-18,PHOENIXLTD_NS,0.0035565812140703,-0.0464934594929218
2024-09-18,PIDILITIND_NS,0.0064847632311284,0.0239783525466918
2024-09-18,MUTHOOTFIN_NS,0.0076124370098114,0.0063149705529212
2024-09-18,OFSS_NS,0.0054457373917102,-0.0015743057010695
2024-09-18,MRF_NS,0.0060915281064808,-0.0235151126980781
2024-09-18,JUBLFOOD_NS,0.0082741603255271,-0.097013920545578
2024-09-18,MOTILALOFS_NS,0.0056100566871464,0.2842242121696472
2024-09-18,PNB_NS,0.0037180264480412,-0.0339107476174831
2024-09-18,KALYANKJIL_NS,0.0063677956350147,0.0113423597067594
2024-09-18,KEI_NS,0.0037738620303571,-0.1037534549832344
2024-09-18,KOTAKBANK_NS,0.0069323293864727,0.0346913263201713
2024-09-18,KPITTECH_NS,0.0039973808452486,0.0036915317177772
2024-09-18,LAURUSLABS_NS,0.0041837445460259,-0.0282888058573007
2024-09-18,LENSKART_NS,-0.0041589932516217,0.0
2024-09-18,LGEINDIA_NS,-0.0041589932516217,0.0
2024-09-18,LICHSGFIN_NS,0.0060838614590466,-0.0561336614191532
2024-09-18,LODHA_NS,0.0067763188853859,-0.0833640024065971
2024-09-18,MPHASIS_NS,0.0043671359308063,0.0
2024-09-18,LTF_NS,0.0071455221623182,-0.0603704117238521
2024-09-18,LT_NS,0.0057733934372663,0.0096443807706236
2024-09-18,LUPIN_NS,0.0059004100039601,-0.0274931751191616
2024-09-18,MANKIND_NS,0.0041865538805723,0.0929226875305175
2024-09-18,MARICO_NS,0.0057435790076851,0.018672090023756
2024-09-18,MARUTI_NS,0.0068988287821412,0.0047359229065477
2024-09-18,MAXHEALTH_NS,0.0083454893901944,-0.0193301551043987
2024-09-18,MAZDOCK_NS,0.0060904924757778,0.0657287240028381
2024-09-18,MCX_NS,0.006018950138241,0.1539283990859985
2024-09-18,MFSL_NS,0.0051937145181,0.0785427540540695
2024-09-18,MOTHERSON_NS,0.0035772630944848,0.0176696069538593
2024-09-18,LTM_NS,-0.0041589932516217,0.0
2024-09-18,POLICYBZR_NS,0.0072314674034714,-0.0699585899710655
2024-09-18,TATACOMM_NS,0.0080012464895844,0.0222403034567832
2024-09-18,POWERGRID_NS,0.0071182707324624,0.0
2024-09-18,TCS_NS,0.005157264880836,-0.0802128612995147
2024-09-18,TECHM_NS,0.0050530219450592,0.0201598219573497
2024-09-18,TIINDIA_NS,0.006370848044753,0.122427262365818
2024-09-18,TITAN_NS,0.0063178446143865,-0.1159465163946151
2024-09-18,TMCV_NS,-0.0041589932516217,0.0
2024-09-18,TMPV_NS,-0.0041589932516217,0.0
2024-09-18,TORNTPHARM_NS,0.0066972216591238,0.019461341202259
2024-09-18,TRENT_NS,0.0034256619401276,0.0381351485848426
2024-09-18,TVSMOTOR_NS,0.0073095019906759,-0.012153741903603
2024-09-18,ULTRACEMCO_NS,0.0076946411281824,-0.0095337489619851
2024-09-18,UNIONBANK_NS,0.0052001280710101,-0.0738477483391761
2024-09-18,UNITDSPR_NS,0.0073105404153466,0.0446796417236328
2024-09-18,UPL_NS,0.0065600671805441,-0.059393536299467
2024-09-18,VBL_NS,0.0059222658164799,-0.0370977967977523
2024-09-18,VEDL_NS,0.0048848707228899,0.0133586665615439
2024-09-18,VMM_NS,-0.0041589932516217,0.0
2024-09-18,VOLTAS_NS,0.0024216612800955,-0.030094638466835
2024-09-18,WAAREEENER_NS,-0.0041589932516217,0.0
2024-09-18,WIPRO_NS,0.0059890886768698,-0.010629029944539
2024-09-18,JSWSTEEL_NS,0.0079698078334331,-0.0198961663991212
2024-09-18,ZYDUSLIFE_NS,0.0051793232560157,-0.0616589784622192
2024-09-18,TATASTEEL_NS,0.0063876286149024,-0.0254233554005622
2024-09-18,TATAPOWER_NS,0.0066648572683334,0.0357211008667945
2024-09-18,TATAINVEST_NS,0.0004510368453338,0.0085675725713372
2024-09-18,TATAELXSI_NS,0.0034693367779254,-0.0714863389730453
2024-09-18,POWERINDIA_NS,0.0065728141926229,0.1835398077964782
2024-09-18,PREMIERENE_NS,-0.0012388586765155,-0.0360658131539821
2024-09-18,PRESTIGE_NS,0.007739569991827,-0.0374046750366687
2024-09-18,RADICO_NS,0.0016156147466972,0.0509131774306297
2024-09-18,RECLTD_NS,0.0006704597035422,0.0308935847133398
2024-09-18,RELIANCE_NS,0.0042923032306134,-0.055252231657505
2024-09-18,RVNL_NS,0.0030518653802573,-0.0467771813273429
2024-09-18,SAIL_NS,0.0066459458321332,-0.0537846013903617
2024-09-18,SBICARD_NS,0.0042283688671886,0.0025998442433774
2024-09-18,SBILIFE_NS,0.0041236458346247,-0.0220669005066156
2024-09-18,POLYCAB_NS,0.0070927496999502,0.0485066436231136
2024-09-18,SBIN_NS,0.0041507026180624,0.0520782172679901
2024-09-18,SHRIRAMFIN_NS,0.0074785705655813,-0.035991720855236
2024-09-18,SIEMENS_NS,0.0045229685492813,0.1291465610265731
2024-09-18,SOLARINDS_NS,0.007160828448832,0.0441751666367054
2024-09-18,SRF_NS,0.0034543583169579,0.0
2024-09-18,SUNPHARMA_NS,0.0066701765172183,0.0327511876821517
2024-09-18,SUPREMEIND_NS,0.006263596471399,-0.0743750855326652
2024-09-18,SUZLON_NS,0.0056779878214001,-0.1129228919744491
2024-09-18,SWIGGY_NS,-0.0041589932516217,0.0
2024-09-18,TATACAP_NS,-0.0041589932516217,0.0
2024-09-18,TATACONSUM_NS,0.0075968392193317,-0.037091638892889
2024-09-18,SHREECEM_NS,0.0057151853106915,0.0095337489619851
2024-09-18,YESBANK_NS,0.0058387126773595,-0.0827182978391647
2024-09-18,JSWENERGY_NS,0.0060605178587138,-0.096869982779026
2024-09-18,JINDALSTEL_NS,0.0065280948765575,-0.1174257323145866
2024-09-18,BDL_NS,0.0063858730718493,-0.048354834318161
2024-09-18,BEL_NS,0.0042419317178428,-0.0021692654117941
2024-09-18,BHARATFORG_NS,0.0069643463939428,-0.0533300638198852
2024-09-18,BHARTIARTL_NS,0.0066808359697461,0.1168877109885215
2024-09-18,BHEL_NS,0.001787977409549,-0.0613749139010906
2024-09-18,BIOCON_NS,0.0062549263238906,-0.074339285492897
2024-09-18,BLUESTARCO_NS,0.0077123567461967,0.0560485683381557
2024-09-18,BOSCHLTD_NS,0.0066661373712122,0.0813926383852958
2024-09-18,BPCL_NS,0.0028266748413443,0.0374374985694885
2024-09-18,BRITANNIA_NS,0.0074128303676843,0.0174707379192113
2024-09-18,BSE_NS,0.0085106845945119,0.1232759058475494
2024-09-18,CANBK_NS,0.0022324058227241,0.0103696715086698
2024-09-18,CGPOWER_NS,0.0043880515731871,0.0797944292426109
2024-09-18,CHOLAFIN_NS,0.0047499700449407,-0.0546590089797973
2024-09-18,CIPLA_NS,0.007872799411416,-0.0693394392728805
2024-09-18,COALINDIA_NS,0.0017273208359256,0.0171687826514244
2024-09-18,COCHINSHIP_NS,0.0092377308756113,-0.1143918931484222
2024-09-18,COFORGE_NS,0.0060162642039358,0.0223679933696985
2024-09-18,COLPAL_NS,0.0046551479026675,-0.0111874351277947
2024-09-18,CONCOR_NS,0.0063546360470354,-0.0096443807706236
2024-09-18,COROMANDEL_NS,0.0044023389928042,-0.0650165751576423
2024-09-18,BANKBARODA_NS,0.002310630865395,0.0592514313757419
2024-09-18,CUMMINSIND_NS,0.0069673964753746,-0.0316806063055992
2024-09-18,BAJFINANCE_NS,0.0014337530592456,-0.0702483281493187
2024-09-18,BAJAJHLDNG_NS,0.0049626650288701,-0.016016399487853
2024-09-18,JIOFIN_NS,0.001764393527992,-0.0488838516175746
2024-09-18,360ONE_NS,0.006417688447982,0.0193207450211048
2024-09-18,ABB_NS,0.0066780047491192,0.1033298894762992
2024-09-18,ABCAPITAL_NS,0.0035772901028394,0.0079545155167579
2024-09-18,ADANIENSOL_NS,0.0057306876406073,0.0694466158747673
2024-09-18,ADANIENT_NS,0.0062559470534324,0.0153402099385857
2024-09-18,ADANIGREEN_NS,0.0050499103963375,-0.1098740547895431
2024-09-18,ADANIPORTS_NS,0.0053200046531856,0.0350543595850467
2024-09-18,ADANIPOWER_NS,0.0067516001872718,-0.0570798330008983
2024-09-18,ALKEM_NS,0.0068741105496883,0.0
2024-09-18,AMBUJACEM_NS,0.0081570520997047,-0.0373823121190071
2024-09-18,APLAPOLLO_NS,0.004445472266525,0.0391854457557201
2024-09-18,APOLLOHOSP_NS,0.0075894277542829,0.0
2024-09-18,ASHOKLEY_NS,0.0014921302208676,-0.0423122681677341
2024-09-18,ASIANPAINT_NS,0.007200414314866,-0.0636370405554771
2024-09-18,ASTRAL_NS,0.0071865878999233,0.0
2024-09-18,ATGL_NS,0.005352959036827,-0.0797907635569572
2024-09-18,AUBANK_NS,0.0013039849000051,-0.0398964919149875
2024-09-18,AUROPHARMA_NS,0.0057966862805187,-0.0510789193212986
2024-09-18,AXISBANK_NS,0.0062118382193148,-0.0179870408028364
2024-09-18,BAJAJFINSV_NS,-0.0012812343193218,-0.0063149705529212
2024-09-18,BAJAJ_AUTO_NS,0.0060367546975612,-0.1561395525932312
2024-09-18,DABUR_NS,0.005833176895976,-0.0788460448384285
2024-09-18,BANKINDIA_NS,0.0033368649892508,-0.0373270772397518
2024-09-18,DIXON_NS,0.0050223655998706,0.0706897005438804
2024-09-18,HINDALCO_NS,0.0003579711774364,0.0382112711668014
2024-09-18,HINDPETRO_NS,0.0029096286743879,0.0761555954813957
2024-09-18,HINDUNILVR_NS,0.0073772519826889,0.0
2024-09-18,HINDZINC_NS,0.0064558824524283,-0.0133586665615439
2024-09-18,HUDCO_NS,0.0047693941742181,-0.1130497232079505
2024-09-18,HYUNDAI_NS,-0.0041589932516217,0.0
2024-09-18,ICICIAMC_NS,-0.0041589932516217,0.0
2024-09-18,ICICIBANK_NS,0.0038427817635238,-0.0008914750651456
2024-09-18,ICICIGI_NS,0.0018148944946005,-0.0025998442433774
2024-09-18,IDEA_NS,0.0009477121056988,-0.2723898589611053
2024-09-18,HEROMOTOCO_NS,0.0034128352999687,-0.1212169602513313
2024-09-18,IDFCFIRSTB_NS,0.0037424168549478,0.0008914750651456
2024-09-18,INDIANB_NS,0.0045176944695413,0.044365931302309
2024-09-18,INDIGO_NS,0.0029781749472022,-0.0545834712684154
2024-09-18,INDUSINDBK_NS,0.0019758730195462,-0.0763514637947082
2024-09-18,INDUSTOWER_NS,0.0042364331893622,-0.0222403034567832
2024-09-18,INFY_NS,0.0054853134788572,-0.0366071015596389
2024-09-18,IOC_NS,0.0041645965538918,0.0
2024-09-18,IRCTC_NS,0.0078409072011709,0.0239403173327446
2024-09-18,IREDA_NS,0.0038447077386081,-0.0507402308285236
2024-09-18,IRFC_NS,0.0022382130846381,-0.0405578911304473
2024-09-18,DIVISLAB_NS,0.0063191358931362,0.0893917679786682
2024-09-18,INDHOTEL_NS,0.0068533620797097,-0.0113423597067594
2024-09-18,HDFCLIFE_NS,-3.982649650424719e-05,0.1154394820332527
2024-09-18,ITC_NS,0.0070651690475642,0.0152299720793962
2024-09-18,DLF_NS,0.0067208362743258,0.0374046750366687
2024-09-18,HDFCBANK_NS,0.0087811313569545,0.0101237287744879
2024-09-18,DMART_NS,0.0075203012675046,-0.2972456812858581
2024-09-18,DRREDDY_NS,0.0016786578344181,0.0190981421619653
2024-09-18,EICHERMOT_NS,0.0018788675079122,-0.0047359229065477
2024-09-18,ENRIN_NS,-0.0041589932516217,0.0
2024-09-18,ETERNAL_NS,0.005274323746562,-0.069031685590744
2024-09-18,FEDERALBNK_NS,-0.0011303931241855,0.0670681893825531
2024-09-18,FORTIS_NS,0.0068734460510313,0.0351721569895744
2024-09-18,GAIL_NS,0.0031223995611071,0.0344612039625644
2024-09-18,GLENMARK_NS,0.005474810488522,0.0476693585515022
2024-09-18,EXIDEIND_NS,0.006231308914721,0.0626044273376464
2024-09-18,GODFRYPHLP_NS,0.0051777157932519,-0.1150881797075271
2024-09-18,GODREJCP_NS,0.0050237025134265,-0.0126012098044157
2024-09-18,GODREJPROP_NS,0.0078524136915802,0.1035329774022102
2024-09-18,GRASIM_NS,0.0037090023979544,0.0539068579673767
2024-09-18,HDFCAMC_NS,0.0055896802805364,0.0912548601627349
2024-09-18,GROWW_NS,-0.0041589932516217,0.0
2024-09-18,GVT_D_NS,0.006529286969453,0.0759411305189132
2024-09-18,HAL_NS,0.0057802782393991,0.0021692654117941
2024-09-18,HAVELLS_NS,0.0075448993593454,-0.0892622917890548
2024-09-18,HCLTECH_NS,0.0061726067215204,0.0260636135935783
2024-09-18,GMRAIRPORT_NS,0.0069308308884501,-0.0408487655222415
2024-10-18,NTPC_NS,0.0026143454015254,-0.0002090316847898
2024-10-18,OBEROIRLTY_NS,0.0045945369638502,0.0984893292188644
2024-10-18,NYKAA_NS,0.0041507086716592,-0.0525028444826602
2024-10-18,NMDC_NS,0.0035892608575522,0.0311287697404623
2024-10-18,POLICYBZR_NS,0.0021776058711111,0.0300790350884199
2024-10-18,NESTLEIND_NS,-0.0091244401410222,0.0485715307295322
2024-10-18,NAUKRI_NS,0.0065171285532414,-0.0444873161613941
2024-10-18,NATIONALUM_NS,0.0056325457990169,0.1109669283032417
2024-10-18,M_M_NS,0.0007936815964058,0.0886482372879982
2024-10-18,NHPC_NS,0.0033880518749356,0.0908681899309158
2024-10-18,OFSS_NS,0.0060446285642683,-0.0181496124714612
2024-10-18,PNB_NS,0.007383607327938,0.0103953192010521
2024-10-18,ONGC_NS,0.0060407645069062,0.0618620924651622
2024-10-18,PAGEIND_NS,0.0061199394986033,0.0131871243938803
2024-10-18,PATANJALI_NS,0.002411562949419,0.1610910296440124
2024-10-18,PAYTM_NS,0.006865142378956,0.1449857503175735
2024-10-18,PERSISTENT_NS,0.0058083841577172,0.0546999871730804
2024-10-18,PFC_NS,0.0059866826049983,0.0385029651224613
2024-10-18,PHOENIXLTD_NS,0.0043704775162041,0.0130513627082109
2024-10-18,PIDILITIND_NS,0.0018925537588074,0.0
2024-10-18,PIIND_NS,0.0026736194267868,-0.0357641726732254
2024-10-18,M_MFIN_NS,-0.0028466121293604,-0.1004396975040435
2024-10-18,OIL_NS,0.0062884567305445,0.082773707807064
2024-10-18,MUTHOOTFIN_NS,0.0029927748255431,0.0038418904878199
2024-10-18,LUPIN_NS,0.0044335182756185,0.005099045112729
2024-10-18,MPHASIS_NS,0.0039920411072671,-0.0859633460640907
2024-10-18,KALYANKJIL_NS,0.0048330593854188,0.0043120277114212
2024-10-18,KEI_NS,0.0054506678134202,-0.0415497496724128
2024-10-18,KOTAKBANK_NS,0.0024579702876508,-0.04567102342844
2024-10-18,KPITTECH_NS,0.0057056830264627,-0.2955240607261657
2024-10-18,LAURUSLABS_NS,0.0011614473769441,0.1017692163586616
2024-10-18,LENSKART_NS,-0.0041630025953054,0.0129714850336313
2024-10-18,LGEINDIA_NS,-0.0041630025953054,0.0129714850336313
2024-10-18,LICHSGFIN_NS,0.0050851684063673,0.0377753674983978
2024-10-18,LODHA_NS,0.0005052202614024,0.1787775009870529
2024-10-18,LTF_NS,5.9581478126347065e-05,-0.1632954031229019
2024-10-18,LTM_NS,-0.0041630025953054,0.0129714850336313
2024-10-18,LT_NS,0.0009005839237943,0.068404346704483
2024-10-18,MANKIND_NS,0.0070040081627666,0.0443333350121974
2024-10-18,MARICO_NS,0.0037068724632263,-0.0162761900573968
2024-10-18,MARUTI_NS,0.0011930639157071,-0.0056153521873056
2024-10-18,MAXHEALTH_NS,0.004167201463133,0.0
2024-10-18,MAZDOCK_NS,0.0076691340655088,0.0176347363740205
2024-10-18,MCX_NS,0.0062568271532654,-0.0305796451866626
2024-10-18,MFSL_NS,0.0069304518401622,0.0353480987250804
2024-10-18,MOTHERSON_NS,0.0040012756362557,-0.1217444986104965
2024-10-18,MOTILALOFS_NS,0.005655437707901,-0.1146809011697769
2024-10-18,MRF_NS,0.0021557183936238,0.0423772223293781
2024-10-18,POLYCAB_NS,0.0050901188515126,0.0282065793871879
2024-10-18,ZYDUSLIFE_NS,0.0065039563924074,-0.0038052662275731
2024-10-18,POWERINDIA_NS,0.0068233427591621,-0.2678033709526062
2024-10-18,TCS_NS,0.0034947716630995,-0.0021657629404217
2024-10-18,TECHM_NS,0.0073313154280185,0.0341735184192657
2024-10-18,TIINDIA_NS,0.0067849634215235,-0.1236832961440086
2024-10-18,TITAN_NS,-0.004047087393701,-0.0183678474277257
2024-10-18,TMCV_NS,-0.0041630025953054,0.0129714850336313
2024-10-18,TMPV_NS,-0.0041630025953054,0.0129714850336313
2024-10-18,TORNTPHARM_NS,0.0055707870051264,-0.0362705588340759
2024-10-18,TRENT_NS,0.0048279929906129,-0.1609046906232834
2024-10-18,TVSMOTOR_NS,4.7035166062414646e-05,-0.0177177470177412
2024-10-18,ULTRACEMCO_NS,0.0015387112507596,0.007994869723916
2024-10-18,UNIONBANK_NS,0.0001560678938403,0.0673101767897605
2024-10-18,UNITDSPR_NS,0.0018963260808959,0.0870375484228134
2024-10-18,UPL_NS,-0.0004832282429561,0.0019469996914267
2024-10-18,VBL_NS,0.0001481493236497,0.176498457789421
2024-10-18,VEDL_NS,0.0035872235894203,-0.004453151486814
2024-10-18,VMM_NS,-0.0041630025953054,0.0129714850336313
2024-10-18,VOLTAS_NS,0.0010453189024701,0.0161303989589214
2024-10-18,WAAREEENER_NS,-0.0041630025953054,0.228622019290924
2024-10-18,WIPRO_NS,0.0064545855857431,0.0423352271318435
2024-10-18,YESBANK_NS,0.0059151821769773,-0.0413035415112972
2024-10-18,JUBLFOOD_NS,-0.0025513907894492,0.0097917271777987
2024-10-18,TATASTEEL_NS,-2.3515312932431694e-05,-0.031868577003479
2024-10-18,TATAPOWER_NS,0.0034625325351953,0.0354865118861198
2024-10-18,TATAINVEST_NS,0.0048752389848232,-0.0121947424486279
2024-10-18,TATAELXSI_NS,0.0044022072106599,-0.0941917300224304
2024-10-18,PREMIERENE_NS,0.0036441064439713,0.0121947424486279
2024-10-18,PRESTIGE_NS,0.006349585019052,-0.0130513627082109
2024-10-18,RADICO_NS,0.003591654356569,0.1144937127828598
2024-10-18,RECLTD_NS,0.0059782718308269,-0.0069556799717247
2024-10-18,RELIANCE_NS,0.000427997787483,0.0801819115877151
2024-10-18,RVNL_NS,0.0038239983841776,-0.0106672141700983
2024-10-18,SAIL_NS,0.0043502231128513,-0.0701772198081016
2024-10-18,SBICARD_NS,0.000452842679806,0.0107751293107867
2024-10-18,SBILIFE_NS,-0.0006491983076557,-0.0246980544179677
2024-10-18,SBIN_NS,0.0053755715489387,0.0125714307650923
2024-10-18,POWERGRID_NS,0.0015276885824277,0.1027774363756179
2024-10-18,SHREECEM_NS,0.0011505401926115,0.0264081433415412
2024-10-18,SIEMENS_NS,0.0012345119612291,-0.0437970981001853
2024-10-18,SOLARINDS_NS,0.0062482617795467,-0.0178413670510053
2024-10-18,SRF_NS,0.0039981370791792,0.00310177099891
2024-10-18,SUNPHARMA_NS,0.0051081143319606,0.0
2024-10-18,SUPREMEIND_NS,0.006642282474786,0.0345428176224231
2024-10-18,SUZLON_NS,0.0003456400008872,-0.1356535702943802
2024-10-18,SWIGGY_NS,-0.0041630025953054,-0.0874063074588775
2024-10-18,TATACAP_NS,-0.0041630025953054,0.0129714850336313
2024-10-18,TATACOMM_NS,-0.0018678194610401,0.0602033361792564
2024-10-18,TATACONSUM_NS,0.0006201845826581,-0.0674143210053443
2024-10-18,SHRIRAMFIN_NS,0.0001690658973529,-0.1207574531435966
2024-10-18,JSWSTEEL_NS,0.0055285962298512,0.0295797623693943
2024-10-18,JSWENERGY_NS,0.0008508992614224,0.1887542754411697
2024-10-18,JIOFIN_NS,0.0032379054464399,-0.0208934564143419
2024-10-18,BEL_NS,0.0054842359386384,0.0879557803273201
2024-10-18,BHARATFORG_NS,0.0040413658134639,-0.0144990598782897
2024-10-18,BHARTIARTL_NS,0.0030565690249204,0.0228449553251266
2024-10-18,BHEL_NS,0.0028585372492671,9.052650966623332e-06
2024-10-18,BIOCON_NS,0.0035689184442162,0.0335336923599243
2024-10-18,BLUESTARCO_NS,0.0045809266157448,0.0077500231564044
2024-10-18,BOSCHLTD_NS,0.0058141350746154,0.0235085263848304
2024-10-18,BPCL_NS,0.0035441247746348,-0.0043381750583648
2024-10-18,BRITANNIA_NS,6.663159001618624e-05,-0.0768114477396011
2024-10-18,BSE_NS,0.0084290150552988,0.1418844014406204
2024-10-18,CANBK_NS,0.0024748342111706,-0.0337768979370594
2024-10-18,CGPOWER_NS,0.0034000165760517,-0.0144480811432003
2024-10-18,CHOLAFIN_NS,-0.0006506954086944,-0.1255046129226684
2024-10-18,CIPLA_NS,0.0015956900315359,0.019184535369277
2024-10-18,COALINDIA_NS,0.0050410046242177,0.0
2024-10-18,COCHINSHIP_NS,0.0083968117833137,-0.0195993427187204
2024-10-18,COFORGE_NS,0.0072023440152406,0.1366686820983886
2024-10-18,COLPAL_NS,-0.0063460883684456,-0.1009174063801765
2024-10-18,CONCOR_NS,0.0067879320122301,-0.012846571393311
2024-10-18,COROMANDEL_NS,0.0045844977721571,0.0977906584739685
2024-10-18,CUMMINSIND_NS,0.0054016443900763,-9.052650966623332e-06
2024-10-18,BDL_NS,0.0066536627709865,-0.0395135506987571
2024-10-18,DABUR_NS,-0.0002694375580176,-0.0038314971607178
2024-10-18,BANKINDIA_NS,0.0069812559522688,0.0316209904849529
2024-10-18,BAJFINANCE_NS,-0.0024730823934078,-0.0038418904878199
2024-10-18,ABB_NS,0.0062532415613532,-0.1537230312824249
2024-10-18,ABCAPITAL_NS,0.0025321617722511,-0.1427230238914489
2024-10-18,ADANIENSOL_NS,0.0058600367046892,-0.0387911312282085
2024-10-18,ADANIENT_NS,0.0027759778313338,-0.0490385331213474
2024-10-18,ADANIGREEN_NS,0.0002493528882041,-0.0650299713015556
2024-10-18,ADANIPORTS_NS,0.0048191426321864,0.0026118825189769
2024-10-18,ADANIPOWER_NS,0.0040067411027848,-0.0129891578108072
2024-10-18,ALKEM_NS,0.0031371330842375,-0.0312722884118557
2024-10-18,AMBUJACEM_NS,0.0035154917277395,-0.007994869723916
2024-10-18,APLAPOLLO_NS,0.0057191113010048,0.004453151486814
2024-10-18,APOLLOHOSP_NS,0.0016244446160271,-0.1057566627860069
2024-10-18,ASHOKLEY_NS,0.0060715479776263,0.0942184925079345
2024-10-18,ASIANPAINT_NS,-0.0022543659433722,-0.1256372183561325
2024-10-18,ASTRAL_NS,0.0042192973196506,0.0
2024-10-18,ATGL_NS,0.0055611128918826,-0.073742039501667
2024-10-18,AUBANK_NS,-0.0015249400166794,-0.1116212680935859
2024-10-18,AUROPHARMA_NS,0.0033200006000697,-0.0916546434164047
2024-10-18,AXISBANK_NS,-0.0035655284300446,-0.0199771933257579
2024-10-18,BAJAJFINSV_NS,-0.0001825055805966,-0.089804783463478
2024-10-18,BAJAJHLDNG_NS,0.0048066093586385,0.0715443640947341
2024-10-18,BAJAJ_AUTO_NS,-0.0175787340849638,-0.0398974828422069
2024-10-18,BANKBARODA_NS,0.0041520427912473,-0.0103953192010521
2024-10-18,DIVISLAB_NS,0.0072025712579488,0.0518547743558883
2024-10-18,360ONE_NS,0.0033576218411326,0.0377437323331832
2024-10-18,DLF_NS,0.0025284118019044,-0.0401121824979782
2024-10-18,HINDUNILVR_NS,-0.0018159000901505,0.0
2024-10-18,HINDZINC_NS,0.0068284641019999,0.047550905495882
2024-10-18,HUDCO_NS,0.0075605325400829,-0.026677094399929
2024-10-18,HYUNDAI_NS,-0.0041630025953054,0.0185615364462137
2024-10-18,ICICIAMC_NS,-0.0041630025953054,0.0129714850336313
2024-10-18,ICICIBANK_NS,-0.0001121669774875,0.0217553079128265
2024-10-18,ICICIGI_NS,6.731005851179361e-05,-0.0015917151467874
2024-10-18,IDEA_NS,0.0127529017627239,-0.1035915836691856
2024-10-18,DIXON_NS,0.0055780475959181,-0.0043120277114212
2024-10-18,INDHOTEL_NS,0.0036387452855706,0.1225916966795921
2024-10-18,INDIANB_NS,0.0059243743307888,0.0424565598368644
2024-10-18,INDIGO_NS,0.001063983538188,-0.1289942413568496
2024-10-18,INDUSINDBK_NS,-0.0008889263262972,-0.2638566493988037
2024-10-18,INDUSTOWER_NS,0.0039098607376217,-0.0228449553251266
2024-10-18,INFY_NS,0.006883593276143,0.0
2024-10-18,IOC_NS,0.0042910114862024,-0.0461027324199676
2024-10-18,IRCTC_NS,0.0045814178884029,-0.0026118825189769
2024-10-18,IREDA_NS,0.0062487297691404,-0.1151416972279548
2024-10-18,IRFC_NS,0.0087245693430304,0.0296257454901933
2024-10-18,ITC_NS,-1.539324875921011e-05,0.0676552355289459
2024-10-18,JINDALSTEL_NS,0.0009970880346372,-0.0321262590587139
2024-10-18,HINDPETRO_NS,0.0027980795130133,-0.0047302157618105
2024-10-18,HINDALCO_NS,0.0039079058915376,-0.0869692340493202
2024-10-18,IDFCFIRSTB_NS,0.0063060717657208,-0.0681431517004966
2024-10-18,HDFCLIFE_NS,0.0059383283369243,0.0015917151467874
2024-10-18,HEROMOTOCO_NS,-0.0053399978205561,0.0056153521873056
2024-10-18,DRREDDY_NS,0.0060125947929918,-0.0330983735620975
2024-10-18,EICHERMOT_NS,0.0022453609853982,0.1348931193351745
2024-10-18,ENRIN_NS,-0.0041630025953054,0.0129714850336313
2024-10-18,ETERNAL_NS,0.0054963477887213,0.0655922070145607
2024-10-18,EXIDEIND_NS,0.0062080374918878,-0.0685297697782516
2024-10-18,FEDERALBNK_NS,0.0035790908150374,0.09049853682518
2024-10-18,FORTIS_NS,0.0061164912767708,0.0137371653690934
2024-10-18,GAIL_NS,0.0035275043919682,0.0
2024-10-18,GLENMARK_NS,0.0036693159490823,-0.0802215859293937
2024-10-18,GMRAIRPORT_NS,0.0036177989095449,0.0257822796702384
2024-10-18,DMART_NS,-0.0035452954471111,-0.0314579866826534
2024-10-18,GODREJCP_NS,0.0033353944309055,-0.0077182608656585
2024-10-18,GODREJPROP_NS,0.0035205548629164,-0.0548069775104522
2024-10-18,GRASIM_NS,0.0061896974220871,-0.0605817250907421
2024-10-18,GROWW_NS,-0.0041630025953054,0.0129714850336313
2024-10-18,GVT_D_NS,0.0048482832498848,0.050692543387413
2024-10-18,HAL_NS,0.0050125918351113,0.0076780845411121
2024-10-18,HAVELLS_NS,-0.0061168526299297,-0.0080396393314003
2024-10-18,HCLTECH_NS,0.0069814529269933,0.0046239583753049
2024-10-18,HDFCAMC_NS,0.0033305031247437,-0.0756412297487258
2024-10-18,HDFCBANK_NS,-0.0025909999385476,0.0692918375134468
2024-10-18,GODFRYPHLP_NS,0.0042361230589449,-0.1081611588597297
2024-11-19,NMDC_NS,0.0061379075050354,-0.0376723930239677
2024-11-19,NYKAA_NS,0.005493966396898,-0.1000259593129158
2024-11-19,NTPC_NS,0.001309706014581,-0.0475695468485355
2024-11-19,NHPC_NS,0.0023556463420391,0.0895949751138687
2024-11-19,PNB_NS,0.0046071279793977,-0.001480094040744
2024-11-19,NAUKRI_NS,0.0044618821702897,0.1067562401294708
2024-11-19,NATIONALUM_NS,0.0055872043594717,-0.0732133761048317
2024-11-19,M_M_NS,0.0027732569724321,0.0159965120255947
2024-11-19,M_MFIN_NS,0.0081230429932475,0.0212914794683456
2024-11-19,NESTLEIND_NS,0.0090692825615406,-0.0161771494895219
2024-11-19,OBEROIRLTY_NS,0.0050040045753121,0.0269132833927869
2024-11-19,PIIND_NS,0.0027498099952936,-0.0568129681050777
2024-11-19,OIL_NS,0.0060449768789112,-0.1249165907502174
2024-11-19,ONGC_NS,0.0071344682946801,-0.0493370071053504
2024-11-19,PAGEIND_NS,0.0052676503546535,-0.0007456734310835
2024-11-19,PATANJALI_NS,0.0026242523454129,-0.0244133658707141
2024-11-19,PAYTM_NS,0.0076823616400361,0.1033760830760002
2024-11-19,PERSISTENT_NS,0.0061949798837304,0.0489283949136734
2024-11-19,PFC_NS,0.0059481258504092,-0.0183292794972658
2024-11-19,PHOENIXLTD_NS,0.0069717722944915,-0.0198228452354669
2024-11-19,PIDILITIND_NS,0.0049778609536588,0.0075153629295527
2024-11-19,MUTHOOTFIN_NS,0.0015573726268485,0.074653759598732
2024-11-19,OFSS_NS,0.00607251515612,0.0316213592886924
2024-11-19,MRF_NS,0.0083154253661632,0.0485060736536979
2024-11-19,LT_NS,0.0044941767118871,0.0529634281992912
2024-11-19,MOTILALOFS_NS,0.0048127914778888,0.0256721563637256
2024-11-19,JUBLFOOD_NS,0.0072388378903269,0.0044858860783278
2024-11-19,KALYANKJIL_NS,0.0042959554120898,-0.041255597025156
2024-11-19,KEI_NS,0.0038853073492646,0.080539159476757
2024-11-19,KOTAKBANK_NS,0.0049305958673357,-0.0078251017257571
2024-11-19,KPITTECH_NS,-0.0011946683516725,0.0407878644764423
2024-11-19,LAURUSLABS_NS,0.0038487156853079,0.1184194236993789
2024-11-19,LENSKART_NS,-0.0041827405802905,-0.0247822571545839
2024-11-19,LGEINDIA_NS,-0.0041827405802905,-0.0247822571545839
2024-11-19,LICHSGFIN_NS,0.0062492433935403,-0.0854194238781929
2024-11-19,LODHA_NS,0.006470332853496,0.0168466679751873
2024-11-19,LTF_NS,0.0075290985405445,-0.0124755455181002
2024-11-19,LTM_NS,-0.0041827405802905,-0.0247822571545839
2024-11-19,LUPIN_NS,0.0026190164498984,0.0200417153537273
2024-11-19,MANKIND_NS,0.0038820896297693,0.0766852498054504
2024-11-19,MARICO_NS,0.0040237759239971,0.0896179750561714
2024-11-19,MARUTI_NS,0.0050380174070596,-0.0063985525630414
2024-11-19,MAXHEALTH_NS,0.0047587645240128,0.0809215903282165
2024-11-19,MAZDOCK_NS,0.0058839167468249,0.1341909766197204
2024-11-19,MCX_NS,-0.0024330411106348,0.0460435934364795
2024-11-19,MFSL_NS,0.0049940468743443,-0.0926494300365448
2024-11-19,MOTHERSON_NS,0.0023840386420488,-0.0543565973639488
2024-11-19,MPHASIS_NS,0.0036394321359694,0.0040808790363371
2024-11-19,POLICYBZR_NS,0.007142249494791,0.1999190151691436
2024-11-19,JSWSTEEL_NS,0.0044117071665823,-0.0278469379991292
2024-11-19,POWERGRID_NS,0.0080508906394243,0.0564380139112472
2024-11-19,TATASTEEL_NS,0.004426353611052,0.0218319483101367
2024-11-19,TCS_NS,0.0066415555775165,-0.0511241257190704
2024-11-19,TECHM_NS,0.0060447338037192,-0.0753735154867172
2024-11-19,TIINDIA_NS,-0.0090919490903615,0.042629450559616
2024-11-19,TITAN_NS,0.0102714654058218,-0.0580409429967403
2024-11-19,TMCV_NS,-0.0041827405802905,-0.0247822571545839
2024-11-19,TMPV_NS,-0.0041827405802905,-0.0247822571545839
2024-11-19,TORNTPHARM_NS,0.0045150490477681,0.0748520940542221
2024-11-19,TRENT_NS,-0.000210984959267,0.0007456734310835
2024-11-19,TVSMOTOR_NS,0.0050757038407027,0.0063985525630414
2024-11-19,ULTRACEMCO_NS,0.0045677972957491,0.0278273709118366
2024-11-19,UNIONBANK_NS,0.0039377002976834,0.0145164420828223
2024-11-19,UNITDSPR_NS,0.0067541911266744,0.0639397501945495
2024-11-19,UPL_NS,0.0031768092885613,0.0
2024-11-19,VBL_NS,0.002063310239464,0.0046628569252789
2024-11-19,VEDL_NS,0.0023384904488921,0.0992263555526733
2024-11-19,VMM_NS,-0.0041827405802905,-0.0874582827091217
2024-11-19,VOLTAS_NS,0.0039393184706568,-0.0478959716856479
2024-11-19,WAAREEENER_NS,-0.0047321217134594,0.0214479677379131
2024-11-19,WIPRO_NS,0.0070134671404957,0.0
2024-11-19,YESBANK_NS,0.0061623668298125,0.012574091553688
2024-11-19,TATAPOWER_NS,0.003536966163665,0.0466716364026069
2024-11-19,TATAINVEST_NS,0.0062205637805163,-0.0258886311203241
2024-11-19,TATAELXSI_NS,0.0046593155711889,-0.0073900879360735
2024-11-19,TATACONSUM_NS,0.0070647071115672,-0.0026203405577689
2024-11-19,POWERINDIA_NS,-0.0023423014208674,0.0873065516352653
2024-11-19,PREMIERENE_NS,0.003774335142225,0.1443794220685959
2024-11-19,PRESTIGE_NS,0.0049056839197874,0.0218727495521307
2024-11-19,RADICO_NS,0.0040116752497851,0.1191932037472724
2024-11-19,RECLTD_NS,0.0048625590279698,-0.0207868982106447
2024-11-19,RELIANCE_NS,0.0094670671969652,-0.033287089318037
2024-11-19,RVNL_NS,0.0057899844832718,0.0316930785775184
2024-11-19,SAIL_NS,0.0047486871480941,0.0597395859658718
2024-11-19,SBICARD_NS,0.0057672597467899,0.0535514019429683
2024-11-19,SBILIFE_NS,0.0085619632154703,-0.0535514019429683
2024-11-19,POLYCAB_NS,0.0012830389896407,0.0616429820656776
2024-11-19,SBIN_NS,0.0053428811952471,0.0089272763580083
2024-11-19,SHRIRAMFIN_NS,0.0032779318280518,-0.0028536403551697
2024-11-19,SIEMENS_NS,0.0026185656897723,0.0604359544813632
2024-11-19,SOLARINDS_NS,0.0047796540893614,-0.0530625209212303
2024-11-19,SRF_NS,0.0058245244435966,0.0494983084499836
2024-11-19,SUNPHARMA_NS,0.0019996385090053,-0.0137371988967061
2024-11-19,SUPREMEIND_NS,0.0013691961066797,0.0002395150077063
2024-11-19,SUZLON_NS,0.0043984018266201,0.0499798879027366
2024-11-19,SWIGGY_NS,-0.0755542144179344,0.3199167847633362
2024-11-19,TATACAP_NS,-0.0041827405802905,-0.0247822571545839
2024-11-19,TATACOMM_NS,0.0079126618802547,-0.0331338830292224
2024-11-19,SHREECEM_NS,0.0036304891109466,0.0834199041128158
2024-11-19,ZYDUSLIFE_NS,0.0070682815276086,0.0
2024-11-19,JSWENERGY_NS,0.0068350099027156,0.0
2024-11-19,JINDALSTEL_NS,0.0054146461188793,0.0587357990443706
2024-11-19,BDL_NS,0.0045275348238646,0.1647232621908188
2024-11-19,BEL_NS,0.0044278525747358,-0.0104129910469055
2024-11-19,BHARATFORG_NS,0.0042322659865021,-0.0255338829010725
2024-11-19,BHARTIARTL_NS,0.0010745172621682,-0.003127213101834
2024-11-19,BHEL_NS,0.0025135120376944,-0.0080048451200127
2024-11-19,BIOCON_NS,0.0064864549785852,0.0295016150921583
2024-11-19,BLUESTARCO_NS,0.0048001278191804,0.0416022650897502
2024-11-19,BOSCHLTD_NS,-0.0001814359566196,0.0292568169534206
2024-11-19,BPCL_NS,0.0052210972644388,0.0
2024-11-19,BRITANNIA_NS,0.0011548694455996,-0.0137036088854074
2024-11-19,BSE_NS,0.0070625310763716,0.1583225429058075
2024-11-19,CANBK_NS,0.00389887066558,0.0232193730771541
2024-11-19,CGPOWER_NS,0.0036695445887744,-0.0154402581974864
2024-11-19,CHOLAFIN_NS,0.0070491526275873,-0.0628610327839851
2024-11-19,CIPLA_NS,7.86512391641736e-05,-0.0158121157437562
2024-11-19,COALINDIA_NS,0.0061353170312941,-0.0147901885211467
2024-11-19,COCHINSHIP_NS,0.0052738357335329,0.0508172623813152
2024-11-19,COFORGE_NS,0.0042453473433852,0.0667448714375495
2024-11-19,COLPAL_NS,0.0140625592321157,0.0255178920924663
2024-11-19,CONCOR_NS,0.0029897480271756,-0.0014571615029126
2024-11-19,COROMANDEL_NS,0.0065321242436766,0.0200440231710672
2024-11-19,BANKINDIA_NS,0.0008315398590639,-0.0087538063526153
2024-11-19,CUMMINSIND_NS,0.0059644002467393,-0.0610309951007366
2024-11-19,BANKBARODA_NS,0.0047025084495544,0.0182628482580184
2024-11-19,BAJAJ_AUTO_NS,0.003632802516222,-0.0855780020356178
2024-11-19,360ONE_NS,0.0061886552721261,0.095086894929409
2024-11-19,ABB_NS,0.0033224737271666,0.0146411973983049
2024-11-19,ABCAPITAL_NS,0.0054653366096317,-0.0133137768134474
2024-11-19,ADANIENSOL_NS,0.0048229340463876,-0.0549687407910823
2024-11-19,ADANIENT_NS,-0.0003819436533376,-0.178551971912384
2024-11-19,ADANIGREEN_NS,0.0074695236980915,-0.2387333512306213
2024-11-19,ADANIPORTS_NS,0.0046011861413717,-0.073222629725933
2024-11-19,ADANIPOWER_NS,0.0042673372663557,0.0050946529954671
2024-11-19,ALKEM_NS,0.0043862131424248,-0.0457676947116851
2024-11-19,AMBUJACEM_NS,0.0055059972219169,-0.0278273709118366
2024-11-19,APLAPOLLO_NS,0.0044623329304158,0.0712820291519165
2024-11-19,APOLLOHOSP_NS,0.0049807932227849,0.0
2024-11-19,ASHOKLEY_NS,0.009230488911271,-0.0156622268259525
2024-11-19,ASIANPAINT_NS,0.0019067713292315,-0.0685682073235511
2024-11-19,ASTRAL_NS,0.0071701733395457,0.0
2024-11-19,ATGL_NS,0.0045269438996911,0.0124755455181002
2024-11-19,AUBANK_NS,0.0070955432020127,-0.1017756089568138
2024-11-19,AUROPHARMA_NS,0.0029548364691436,-0.0356451459228992
2024-11-19,AXISBANK_NS,0.0050291144289076,-0.0498500317335128
2024-11-19,BAJAJFINSV_NS,0.0035953321494162,-0.0489641539752483
2024-11-19,BAJAJHLDNG_NS,0.0067534148693084,0.0262630712240934
2024-11-19,BAJFINANCE_NS,0.0032093552872538,0.0031534819863736
2024-11-19,DABUR_NS,0.0107301324605941,0.0
2024-11-19,JIOFIN_NS,0.0041211685165762,-0.0448668599128723
2024-11-19,DIXON_NS,0.0037277452647686,0.1144763901829719
2024-11-19,HINDPETRO_NS,0.0051296912133693,0.0935112163424491
2024-11-19,HINDUNILVR_NS,0.0064136493019759,-0.0127759156748652
2024-11-19,HINDZINC_NS,0.0035086912102997,-0.0314038321375846
2024-11-19,HUDCO_NS,0.004170183558017,0.1447176486253738
2024-11-19,HYUNDAI_NS,-0.0127093447372317,-0.0481989532709121
2024-11-19,ICICIAMC_NS,-0.0041827405802905,-0.0247822571545839
2024-11-19,ICICIBANK_NS,0.0046546091325581,0.0023014836478978
2024-11-19,ICICIGI_NS,0.0073993913829326,0.0569333806633949
2024-11-19,IDFCFIRSTB_NS,0.0042021470144391,-0.0205719545483589
2024-11-19,INDHOTEL_NS,0.0062252380885183,0.0563822425901889
2024-11-19,INDIANB_NS,0.0011244971537962,0.0310585219413042
2024-11-19,INDIGO_NS,0.0045187585055828,0.0668270960450172
2024-11-19,INDUSINDBK_NS,0.0061674388125538,-0.0639605894684791
2024-11-19,INDUSTOWER_NS,0.007014431990683,0.003127213101834
2024-11-19,INFY_NS,0.0028260028921067,-0.0426138751208782
2024-11-19,IOC_NS,0.0079526621848344,0.0234475843608379
2024-11-19,IRCTC_NS,0.0065618092194199,0.0014571615029126
2024-11-19,IREDA_NS,0.0037811687216162,0.0698823109269142
2024-11-19,IRFC_NS,0.0021973391994833,0.0067218411713838
2024-11-19,ITC_NS,0.004115430638194,0.0066848741844296
2024-11-19,DIVISLAB_NS,0.0029547624289989,-0.0529853403568267
2024-11-19,HINDALCO_NS,0.0026645259931683,-0.0218319483101367
2024-11-19,HEROMOTOCO_NS,0.0079356348142027,-0.0864165350794792
2024-11-19,IDEA_NS,0.0121789565309882,0.0288298763334751
2024-11-19,HDFCBANK_NS,0.0025749243795871,0.001480094040744
2024-11-19,HDFCLIFE_NS,0.0046242349781095,-0.060864683240652
2024-11-19,DMART_NS,0.0115923294797539,-0.1683788299560547
2024-11-19,DRREDDY_NS,0.0025421637110412,0.049079593271017
2024-11-19,EICHERMOT_NS,0.0055005778558552,-0.0457868874073028
2024-11-19,ENRIN_NS,-0.0041827405802905,-0.0247822571545839
2024-11-19,ETERNAL_NS,0.0059474091976881,0.0364665314555168
2024-11-19,EXIDEIND_NS,0.0045859185047447,0.0362349636852741
2024-11-19,FORTIS_NS,0.0077061522752046,-0.0573631562292575
2024-11-19,GAIL_NS,0.0044659469276666,0.0122757945209741
2024-11-19,GLENMARK_NS,-0.0012134638382121,-0.0075692664831876
2024-11-19,GMRAIRPORT_NS,0.0070914635434746,-0.0040903841145336
2024-11-19,FEDERALBNK_NS,0.0043350248597562,-0.0554819554090499
2024-11-19,DLF_NS,0.0048492653295397,-0.0168466679751873
2024-11-19,GODFRYPHLP_NS,0.0039677638560533,-0.0890366286039352
2024-11-19,HCLTECH_NS,0.0025394046679139,-0.0464685447514057
2024-11-19,HAVELLS_NS,0.0086509324610233,-0.0416155792772769
2024-11-19,HAL_NS,0.004485229961574,-0.0002395150077063
2024-11-19,GVT_D_NS,0.0064300568774342,0.0831132307648658
2024-11-19,HDFCAMC_NS,0.0031840861774981,0.0028536403551697
2024-11-19,GRASIM_NS,0.0039909742772579,-0.0402953214943409
2024-11-19,GODREJPROP_NS,0.0030043786391615,-0.0387091748416423
2024-11-19,GODREJCP_NS,0.0050812028348445,-0.0860732495784759
2024-11-19,GROWW_NS,-0.0041827405802905,-0.0247822571545839
2024-12-19,OBEROIRLTY_NS,0.0064386059530079,0.0336148664355278
2024-12-19,M_M_NS,0.0079380609095096,0.0242637675255537
2024-12-19,NATIONALUM_NS,0.0002759207272902,-0.0093555152416229
2024-12-19,NAUKRI_NS,0.0069066691212356,-0.0901125967502594
2024-12-19,NESTLEIND_NS,0.0073165735229849,0.0088453348726034
2024-12-19,NHPC_NS,0.0069409403949975,-0.0419342927634716
2024-12-19,NMDC_NS,0.0008778480114415,-0.0230955276638269
2024-12-19,NTPC_NS,0.0043975738808512,0.0085712876170873
2024-12-19,NYKAA_NS,0.0080307349562644,0.0659040734171867
2024-12-19,OFSS_NS,0.0074925431981682,-0.1560302674770355
2024-12-19,PNB_NS,0.0053130509331822,0.0173828992992639
2024-12-19,ONGC_NS,0.002504292409867,0.1680798530578613
2024-12-19,PAGEIND_NS,0.008302953094244,-0.0062396158464252
2024-12-19,PATANJALI_NS,0.0054348004050552,0.0
2024-12-19,PAYTM_NS,0.0075379498302936,-0.0499056838452816
2024-12-19,PERSISTENT_NS,0.0078900400549173,0.0
2024-12-19,PFC_NS,0.0063590607605874,-0.0533506050705909
2024-12-19,PHOENIXLTD_NS,0.0016118354396894,0.1269846707582473
2024-12-19,PIDILITIND_NS,0.0023300708271563,-0.0647613331675529
2024-12-19,PIIND_NS,0.0050624511204659,-0.0690163746476173
2024-12-19,M_MFIN_NS,0.0034701521508395,0.006256902590394
2024-12-19,OIL_NS,0.0049952412955462,0.1576347351074218
2024-12-19,MUTHOOTFIN_NS,-0.0005096284439787,0.0441687181591987
2024-12-19,MANKIND_NS,0.0086897360160946,-0.0421891398727893
2024-12-19,MPHASIS_NS,0.0036291698925197,-0.0139569099992513
2024-12-19,POLICYBZR_NS,0.0047443518415093,-0.180679053068161
2024-12-19,KEI_NS,0.0014755573356524,-0.0061062504537403
2024-12-19,KOTAKBANK_NS,0.006222759373486,0.1281063705682754
2024-12-19,KPITTECH_NS,0.0058346823789179,-0.0344831869006156
2024-12-19,LAURUSLABS_NS,0.0047401138581335,0.0446685776114463
2024-12-19,LENSKART_NS,-0.0041576088406145,0.0225625876337289
2024-12-19,LGEINDIA_NS,-0.0041576088406145,0.0225625876337289
2024-12-19,LICHSGFIN_NS,0.0036088917404413,0.0038760527968406
2024-12-19,LODHA_NS,0.0087200906127691,-0.0336148664355278
2024-12-19,LTF_NS,0.0064118201844394,0.0437588728964328
2024-12-19,MRF_NS,0.0006558859022334,-0.0648533478379249
2024-12-19,LTM_NS,-0.0041576088406145,0.0225625876337289
2024-12-19,LUPIN_NS,0.0055847647599875,0.0094398111104965
2024-12-19,KALYANKJIL_NS,0.0065347552299499,-0.2822778224945068
2024-12-19,MARICO_NS,0.0028243917040526,0.0097551336511969
2024-12-19,MARUTI_NS,0.0081956014037132,0.1598967909812927
2024-12-19,MAXHEALTH_NS,0.0048873620107769,-0.029790312051773
2024-12-19,MAZDOCK_NS,0.0043179537169635,0.0436640791594982
2024-12-19,MCX_NS,0.0048384256660938,-0.0621670968830585
2024-12-19,MFSL_NS,0.0055061387829482,-0.0108837755396962
2024-12-19,MOTHERSON_NS,0.0077881794422864,0.0203081537038087
2024-12-19,MOTILALOFS_NS,0.0069336234591901,-0.1433191001415252
2024-12-19,LT_NS,0.0060934806242585,0.0093188099563121
2024-12-19,POLYCAB_NS,0.0022386820055544,-0.0196815878152847
2024-12-19,TATACONSUM_NS,0.0059353751130402,0.0413308665156364
2024-12-19,POWERINDIA_NS,0.0046181809157133,0.0061062504537403
2024-12-19,TECHM_NS,0.0080160982906818,0.0449294969439506
2024-12-19,TIINDIA_NS,0.0057179294526577,-0.0305658746510744
2024-12-19,TITAN_NS,0.003003588411957,0.0606420934200286
2024-12-19,TMCV_NS,-0.0041576088406145,0.0225625876337289
2024-12-19,TMPV_NS,-0.0041576088406145,0.0225625876337289
2024-12-19,TORNTPHARM_NS,0.0051575126126408,-0.0675539523363113
2024-12-19,TRENT_NS,0.0033672549761831,-0.0992153510451316
2024-12-19,TVSMOTOR_NS,0.0074325427412986,-0.0030312507878988
2024-12-19,ULTRACEMCO_NS,0.0037735886871814,-0.0193197354674339
2024-12-19,UNIONBANK_NS,0.0060167978517711,-0.038573570549488
2024-12-19,UNITDSPR_NS,0.0060810660943388,-0.0912707298994064
2024-12-19,UPL_NS,0.0026127127930521,0.0693786963820457
2024-12-19,VBL_NS,0.0066563608124852,-0.1430250704288482
2024-12-19,VEDL_NS,0.0033491342328488,-0.0091767953708767
2024-12-19,VMM_NS,-0.0032598190009593,0.0830921307206153
2024-12-19,VOLTAS_NS,0.0053079510107636,-0.0406593643128871
2024-12-19,WAAREEENER_NS,0.004299993161112,-0.1202674508094787
2024-12-19,WIPRO_NS,0.0080919433385133,0.0506648197770118
2024-12-19,YESBANK_NS,0.0031472006812691,-0.0307970941066741
2024-12-19,ZYDUSLIFE_NS,0.0067777745425701,0.03443418815732
2024-12-19,JUBLFOOD_NS,0.006602878216654,0.07523163408041
2024-12-19,TCS_NS,0.0020278906449675,0.0631859228014946
2024-12-19,TATASTEEL_NS,0.0040973690338432,-0.0459425114095211
2024-12-19,TATAPOWER_NS,0.004736156668514,-0.0844397246837616
2024-12-19,TATAINVEST_NS,0.0067027863115072,-0.03415522351861
2024-12-19,PREMIERENE_NS,0.006284995470196,-0.058989942073822
2024-12-19,PRESTIGE_NS,0.0056871459819376,-0.0754563361406326
2024-12-19,RADICO_NS,0.0073243863880634,-0.0860006138682365
2024-12-19,RECLTD_NS,0.0056261080317199,-0.0335741564631462
2024-12-19,RELIANCE_NS,0.0026946431025862,0.1195165440440177
2024-12-19,RVNL_NS,0.007255726493895,0.0047753737308084
2024-12-19,SAIL_NS,0.0047593540512025,-0.0405733399093151
2024-12-19,SBICARD_NS,0.0054626408964395,0.0387212298810482
2024-12-19,SBILIFE_NS,0.0097232237458229,0.0239442195743322
2024-12-19,SBIN_NS,0.0047849025577306,-0.0244343839585781
2024-12-19,POWERGRID_NS,0.0047643263824284,-0.0364816561341285
2024-12-19,SHREECEM_NS,0.0012628912227228,-0.0191240049898624
2024-12-19,SIEMENS_NS,0.0013551559532061,-0.1418010592460632
2024-12-19,SOLARINDS_NS,0.005647568963468,0.0275931637734174
2024-12-19,SRF_NS,0.0059116305783391,0.1391908675432205
2024-12-19,SUNPHARMA_NS,0.0069287996739149,-0.0005787228001281
2024-12-19,SUPREMEIND_NS,0.0089464168995618,-0.1470551192760467
2024-12-19,SUZLON_NS,0.0011950872140005,-0.1208825334906578
2024-12-19,SWIGGY_NS,-0.0395789518952369,-0.1721333861351013
2024-12-19,TATACAP_NS,-0.0041576088406145,0.0225625876337289
2024-12-19,TATACOMM_NS,0.0073259081691503,-0.0748537629842758
2024-12-19,TATAELXSI_NS,0.0018837844254449,-0.0630011856555938
2024-12-19,SHRIRAMFIN_NS,0.0007537129567936,-0.0894482880830764
2024-12-19,JSWSTEEL_NS,0.0048465360887348,0.0311791915446519
2024-12-19,BDL_NS,0.0004555360646918,0.1524200141429901
2024-12-19,JIOFIN_NS,0.002722751814872,-0.1043272390961647
2024-12-19,BANKINDIA_NS,0.0037362831644713,-0.0048550437204539
2024-12-19,BEL_NS,0.0044992631301283,0.0328444167971611
2024-12-19,BHARATFORG_NS,0.0054440717212855,0.0030312507878988
2024-12-19,BHARTIARTL_NS,0.0036546178162097,-0.0278622433543205
2024-12-19,BHEL_NS,0.0044643711298704,-0.0341195277869701
2024-12-19,BIOCON_NS,0.0034643891267478,0.1608389914035797
2024-12-19,BLUESTARCO_NS,0.0055571175180375,0.0196815878152847
2024-12-19,BOSCHLTD_NS,0.0028948611579835,-0.064961053431034
2024-12-19,BPCL_NS,0.0056361267343163,0.0
2024-12-19,BRITANNIA_NS,0.0087168365716934,0.00494623510167
2024-12-19,BSE_NS,0.0070393709465861,0.0736727267503738
2024-12-19,CANBK_NS,0.0036116987466812,0.0237859841436147
2024-12-19,CGPOWER_NS,0.0065534282475709,-0.0351381935179233
2024-12-19,CIPLA_NS,0.0061479466967284,-0.0169619601219892
2024-12-19,COALINDIA_NS,0.0065188449807465,0.0
2024-12-19,COCHINSHIP_NS,0.0001634779619053,0.0692210793495178
2024-12-19,COFORGE_NS,0.0054423650726675,-0.0172826889902353
2024-12-19,COLPAL_NS,0.0051675080321729,-0.0419328771531581
2024-12-19,CONCOR_NS,0.0026951879262924,-0.1986880898475647
2024-12-19,COROMANDEL_NS,0.0094013437628746,0.0292053502053022
2024-12-19,CUMMINSIND_NS,0.0061896978877484,-0.0553877241909503
2024-12-19,BANKBARODA_NS,0.002212799154222,-0.0253963395953178
2024-12-19,DABUR_NS,0.0062713786028325,0.0187617279589176
2024-12-19,BAJFINANCE_NS,0.0049851452931761,0.1143463924527168
2024-12-19,BAJAJHLDNG_NS,0.0083352122455835,-0.0006663272506557
2024-12-19,JSWENERGY_NS,0.0067310561425983,-0.155104249715805
2024-12-19,360ONE_NS,0.0082552805542945,0.0344196520745754
2024-12-19,ABB_NS,0.0033274078741669,-0.0429573133587837
2024-12-19,ABCAPITAL_NS,0.0049993838183581,-0.0251352377235889
2024-12-19,ADANIENSOL_NS,-0.0019248177995905,0.0370892696082592
2024-12-19,ADANIENT_NS,-0.0073478678241372,0.032208539545536
2024-12-19,ADANIGREEN_NS,-0.0042670336551964,0.0061330823227763
2024-12-19,ADANIPORTS_NS,-0.0032158605754375,-0.0047753737308084
2024-12-19,ADANIPOWER_NS,-0.0054855197668075,0.0800902098417282
2024-12-19,ALKEM_NS,0.0064784651622176,-0.0233226586133241
2024-12-19,AMBUJACEM_NS,-0.0108837764710187,0.023720720782876
2024-12-19,APLAPOLLO_NS,0.0035892250016331,0.0428446158766746
2024-12-19,APOLLOHOSP_NS,0.0053111715242266,0.0
2024-12-19,ASHOKLEY_NS,0.005245613399893,0.0204591806977987
2024-12-19,ASIANPAINT_NS,0.0122877582907676,0.0
2024-12-19,ASTRAL_NS,0.0038222498260438,0.0
2024-12-19,ATGL_NS,-0.0049363332800567,-0.0087583344429731
2024-12-19,AUBANK_NS,0.0066207451745867,0.1413553059101104
2024-12-19,AUROPHARMA_NS,0.0091161429882049,-0.0184283573180437
2024-12-19,AXISBANK_NS,0.0063729584217071,-0.0733633786439895
2024-12-19,BAJAJFINSV_NS,0.0050460547208786,0.1293399035930633
2024-12-19,BAJAJ_AUTO_NS,0.0097497925162315,-0.0274562984704971
2024-12-19,DIVISLAB_NS,0.0029867505654692,0.0548699535429477
2024-12-19,CHOLAFIN_NS,0.006696336902678,0.0686140060424804
2024-12-19,DLF_NS,0.0043396996334195,0.0383753180503845
2024-12-19,HINDPETRO_NS,0.005980294663459,-0.0623710788786411
2024-12-19,HINDUNILVR_NS,0.0056673353537917,-0.0218895468860864
2024-12-19,HINDZINC_NS,0.0064804712310433,0.0091767953708767
2024-12-19,HUDCO_NS,0.0041002151556313,-0.0206649340689182
2024-12-19,HYUNDAI_NS,0.0015939261065796,0.019761323928833
2024-12-19,ICICIAMC_NS,-0.0041576088406145,0.0225625876337289
2024-12-19,ICICIBANK_NS,0.0063164555467665,-0.0007994736661203
2024-12-19,DIXON_NS,0.0063517456874251,0.0062396158464252
2024-12-19,IDEA_NS,0.0027902303263545,0.2035778313875198
2024-12-19,IDFCFIRSTB_NS,0.0070837484672665,0.0226302109658718
2024-12-19,HINDALCO_NS,0.0043361568823456,0.0205393973737955
2024-12-19,INDHOTEL_NS,0.0061569968238472,-0.0510514825582504
2024-12-19,INDIGO_NS,0.0007247898029163,-0.0522820651531219
2024-12-19,INDUSINDBK_NS,0.0149041386321187,0.0485384464263916
2024-12-19,INDUSTOWER_NS,0.0013332503149285,0.0278622433543205
2024-12-19,INFY_NS,0.0048190825618803,0.0207232870161533
2024-12-19,IOC_NS,0.0069531127810478,-0.0072025484405457
2024-12-19,IRCTC_NS,0.0068363454192876,0.0249724350869655
2024-12-19,IREDA_NS,0.0030424464493989,0.0170938987284898
2024-12-19,IRFC_NS,0.0063051017932593,0.0006663272506557
2024-12-19,ITC_NS,0.0050313067622482,-0.0417037270963192
2024-12-19,JINDALSTEL_NS,0.0036590318195521,0.0507789626717567
2024-12-19,INDIANB_NS,0.0029741204343736,0.0007994736661203
2024-12-19,HEROMOTOCO_NS,0.0053361919708549,-0.0069759874604642
2024-12-19,ICICIGI_NS,0.004541294183582,-0.0277132950723171
2024-12-19,HDFCBANK_NS,0.0046883765608072,-0.0406092554330825
2024-12-19,DMART_NS,0.0076092705130577,0.0858785957098007
2024-12-19,HDFCLIFE_NS,0.0072274664416909,-0.0239442195743322
2024-12-19,EICHERMOT_NS,0.005732221994549,0.117175817489624
2024-12-19,ENRIN_NS,-0.0041576088406145,0.0225625876337289
2024-12-19,ETERNAL_NS,0.0060757421888411,-0.1625357866287231
2024-12-19,EXIDEIND_NS,0.0037178387865424,-0.0488309189677238
2024-12-19,FEDERALBNK_NS,0.0005083495052531,0.0069838319905102
2024-12-19,FORTIS_NS,0.0076230056583881,0.0368526652455329
2024-12-19,GAIL_NS,0.0015787585871294,-0.0012124881613999
2024-12-19,GLENMARK_NS,0.0053440546616911,0.0
2024-12-19,GMRAIRPORT_NS,0.0049755447544157,-0.0059834932908415
2024-12-19,DRREDDY_NS,0.0055752885527908,0.0067447358742356
2024-12-19,GODREJCP_NS,-2.175453118979931e-06,0.0629494786262512
2024-12-19,GODFRYPHLP_NS,0.0068659847602248,-0.2042865008115768
2024-12-19,HCLTECH_NS,0.0073999194428324,0.0275012496858835
2024-12-19,HAVELLS_NS,0.0033746464177966,0.0204223282635211
2024-12-19,HAL_NS,0.0016792543465271,0.0302136112004518
2024-12-19,HDFCAMC_NS,0.0054824743419885,-0.0422736629843711
2024-12-19,GROWW_NS,-0.0041576088406145,0.0225625876337289
2024-12-19,GRASIM_NS,0.0032536052167415,0.0191240049898624
2024-12-19,GODREJPROP_NS,0.0051154610700905,-0.0398484356701374
2024-12-19,GVT_D_NS,0.0080356216058135,-0.0855703577399253
2025-01-20,NTPC_NS,0.0079235173761844,0.006877539679408
2025-01-20,OBEROIRLTY_NS,-0.0063018212094902,-0.0870254188776016
2025-01-20,NYKAA_NS,0.0070439148694276,0.0776450186967849
2025-01-20,NMDC_NS,0.0052772788330912,0.0172213744372129
2025-01-20,POLICYBZR_NS,-0.0081524336710572,-0.0753831714391708
2025-01-20,NESTLEIND_NS,0.0062414733693003,0.0532244965434074
2025-01-20,NAUKRI_NS,-0.0069459760561585,0.025307297706604
2025-01-20,NATIONALUM_NS,0.0057075414806604,-0.0441217049956321
2025-01-20,M_M_NS,0.0034246547147631,0.0251722335815429
2025-01-20,NHPC_NS,0.0016006232472136,0.0356617085635662
2025-01-20,OFSS_NS,-0.0073217814788222,-0.0864779129624366
2025-01-20,PNB_NS,0.0043210983276367,-0.0481160730123519
2025-01-20,ONGC_NS,0.001783437677659,-0.0256294570863246
2025-01-20,PAGEIND_NS,0.000401665107347,-0.0507072433829307
2025-01-20,PATANJALI_NS,0.0039549353532493,0.0239519253373146
2025-01-20,PAYTM_NS,-0.0069760251790285,-0.1335687190294265
2025-01-20,PERSISTENT_NS,-0.0015096495626494,-0.0496375486254692
2025-01-20,PFC_NS,0.0023956904187798,-0.0916392505168914
2025-01-20,PHOENIXLTD_NS,0.0047321901656687,0.1023974418640136
2025-01-20,PIDILITIND_NS,0.0041406536474823,0.0
2025-01-20,PIIND_NS,0.0121490787714719,-0.1388072371482849
2025-01-20,M_MFIN_NS,0.0063220942392945,0.1162228360772132
2025-01-20,OIL_NS,0.0050868485122919,-0.0741316974163055
2025-01-20,MUTHOOTFIN_NS,0.005648925434798,0.114612802863121
2025-01-20,LUPIN_NS,-0.0008296201704069,0.0005655598361045
2025-01-20,MPHASIS_NS,0.0026440354995429,-0.0358857922255992
2025-01-20,KALYANKJIL_NS,-0.0077207218855619,0.0241594091057777
2025-01-20,KEI_NS,0.0005839710356667,-0.1017660051584243
2025-01-20,KOTAKBANK_NS,0.0055852658115327,0.0453019924461841
2025-01-20,KPITTECH_NS,0.0010803757468238,0.0272735524922609
2025-01-20,LAURUSLABS_NS,-0.0006072114920243,0.0
2025-01-20,LENSKART_NS,-0.0041643264703452,0.0824270322918891
2025-01-20,LGEINDIA_NS,-0.0041643264703452,0.0824270322918891
2025-01-20,LICHSGFIN_NS,0.0031510419212281,0.0115572540089488
2025-01-20,LODHA_NS,-0.0063764443621039,0.1081159934401512
2025-01-20,LTF_NS,0.0047886776737868,0.0223040599375963
2025-01-20,LTM_NS,-0.0041643264703452,0.0824270322918891
2025-01-20,LT_NS,0.0034935022704303,-0.0195847228169441
2025-01-20,MANKIND_NS,0.0002421230310574,-0.0918615311384201
2025-01-20,MARICO_NS,0.0077568162232637,0.0
2025-01-20,MARUTI_NS,0.0044524795375764,0.1047720983624458
2025-01-20,MAXHEALTH_NS,-0.0023720180615782,0.0149064976722002
2025-01-20,MAZDOCK_NS,0.0021179895848035,0.0011326553067192
2025-01-20,MCX_NS,0.0024672416038811,-0.0141141638159751
2025-01-20,MFSL_NS,0.0061115184798836,0.0587046444416046
2025-01-20,MOTHERSON_NS,0.0063375514000654,-0.14152792096138
2025-01-20,MOTILALOFS_NS,0.0013449146645143,-0.1831788122653961
2025-01-20,MRF_NS,-0.0048279501497745,0.0108430609107017
2025-01-20,POLYCAB_NS,-0.0015271626180037,-0.0703689455986023
2025-01-20,JUBLFOOD_NS,0.001121208188124,0.0513757988810539
2025-01-20,POWERINDIA_NS,0.0008497127564623,-0.0897252336144447
2025-01-20,TCS_NS,0.0033120247535407,0.0
2025-01-20,TECHM_NS,0.0044176522642374,0.0376485101878643
2025-01-20,TIINDIA_NS,0.0056728208437561,-0.232645571231842
2025-01-20,TITAN_NS,0.0035849097184836,0.0250547472387552
2025-01-20,TMCV_NS,-0.0041643264703452,0.0824270322918891
2025-01-20,TMPV_NS,-0.0041643264703452,0.0824270322918891
2025-01-20,TORNTPHARM_NS,-0.0006500760791823,0.0305966157466173
2025-01-20,TRENT_NS,-0.0005174529505893,-0.1079802960157394
2025-01-20,TVSMOTOR_NS,0.0037777121178805,0.0760402902960777
2025-01-20,ULTRACEMCO_NS,-0.0003401142312213,0.0264521166682243
2025-01-20,UNIONBANK_NS,0.0011679242597892,0.0087212035432457
2025-01-20,UNITDSPR_NS,-0.0092125553637743,-0.0313680134713649
2025-01-20,UPL_NS,0.0018592440756037,0.1362916529178619
2025-01-20,VBL_NS,-0.0027638180181384,-0.1070978119969368
2025-01-20,VEDL_NS,0.0024890885688364,-0.0172213744372129
2025-01-20,VMM_NS,-0.0326062254607677,-0.0012933112448081
2025-01-20,VOLTAS_NS,-1.3716868124902248e-05,-0.060858380049467
2025-01-20,WAAREEENER_NS,0.0034340899437665,-0.1099195033311843
2025-01-20,WIPRO_NS,-0.000153606175445,0.0799470171332359
2025-01-20,YESBANK_NS,0.0033248276449739,-0.0369744338095188
2025-01-20,ZYDUSLIFE_NS,0.0085756964981555,-0.0241808854043483
2025-01-20,TATASTEEL_NS,0.0059288525953888,0.1072070747613906
2025-01-20,TATAPOWER_NS,0.0051095602102577,0.0
2025-01-20,TATAINVEST_NS,0.0004998809890821,-0.1013443768024444
2025-01-20,TATAELXSI_NS,0.0009596446761861,0.0348506048321723
2025-01-20,PREMIERENE_NS,-0.0025080246850848,-0.1257790923118591
2025-01-20,PRESTIGE_NS,0.0010710173519328,-0.0228158291429281
2025-01-20,RADICO_NS,-0.0087933391332626,-0.1403661668300628
2025-01-20,RECLTD_NS,0.0023059281520545,-0.1533155143260955
2025-01-20,RELIANCE_NS,0.0072563309222459,0.0331937558948993
2025-01-20,RVNL_NS,0.0029802192002534,-0.1419266164302826
2025-01-20,SAIL_NS,0.0026690126396715,0.0452287308871746
2025-01-20,SBICARD_NS,0.0010901388013735,0.130073606967926
2025-01-20,SBILIFE_NS,0.0076977964490652,0.0006931124371476
2025-01-20,SBIN_NS,0.0041178716346621,-0.0359716862440109
2025-01-20,POWERGRID_NS,0.004039785824716,-0.0350784063339233
2025-01-20,SHREECEM_NS,0.0026292991824448,0.0684022083878517
2025-01-20,SIEMENS_NS,0.0046725338324904,-0.071197971701622
2025-01-20,SOLARINDS_NS,0.0046989517286419,0.0355342477560043
2025-01-20,SRF_NS,0.0068333731032907,0.0540427081286907
2025-01-20,SUNPHARMA_NS,-0.0001226355088874,0.019785676151514
2025-01-20,SUPREMEIND_NS,0.0029662791639566,0.0555101111531257
2025-01-20,SUZLON_NS,0.0047341873869299,-0.0395393334329128
2025-01-20,SWIGGY_NS,-0.000362908351235,-0.2659057676792145
2025-01-20,TATACAP_NS,-0.0041643264703452,0.0824270322918891
2025-01-20,TATACOMM_NS,0.0060266694054007,-0.0180019978433847
2025-01-20,TATACONSUM_NS,0.0059846574440598,0.109205812215805
2025-01-20,SHRIRAMFIN_NS,0.0026099411770701,0.1359776705503463
2025-01-20,JSWSTEEL_NS,0.0046003009192645,0.1448738276958465
2025-01-20,JSWENERGY_NS,0.0025035790167748,-0.1896844953298568
2025-01-20,JIOFIN_NS,0.0054523888975381,-0.1321839541196823
2025-01-20,BEL_NS,0.0014132122742012,0.018788706511259
2025-01-20,BHARATFORG_NS,0.0045780902728438,-0.0723358169198036
2025-01-20,BHARTIARTL_NS,0.0082764932885766,0.1403863430023193
2025-01-20,BHEL_NS,0.0025309748016297,0.044232003390789
2025-01-20,BIOCON_NS,0.0054259393364191,-0.0939632058143615
2025-01-20,BLUESTARCO_NS,0.0005470236064866,0.1677866131067276
2025-01-20,BOSCHLTD_NS,0.0041809664107859,-0.1010387390851974
2025-01-20,BPCL_NS,0.0032310625538229,0.0219674855470657
2025-01-20,BRITANNIA_NS,0.0100537808611989,0.0616127960383892
2025-01-20,BSE_NS,0.0036542634479701,-0.0698261782526969
2025-01-20,CANBK_NS,0.0012534774141386,-0.1393356621265411
2025-01-20,CGPOWER_NS,-4.312710370868445e-05,-0.0011326553067192
2025-01-20,CHOLAFIN_NS,0.0044850651174783,0.1537509113550186
2025-01-20,CIPLA_NS,0.0020752195268869,0.0704603418707847
2025-01-20,COALINDIA_NS,0.0070799649693071,0.0472604520618915
2025-01-20,COCHINSHIP_NS,0.0028731590136885,-0.07240492105484
2025-01-20,COFORGE_NS,-0.0112914573401212,-0.0742208212614059
2025-01-20,COLPAL_NS,0.0076123159378767,-0.0495831072330474
2025-01-20,CONCOR_NS,0.0082565611228346,-0.0008357458864338
2025-01-20,COROMANDEL_NS,0.0016948749544098,0.0012933112448081
2025-01-20,CUMMINSIND_NS,0.0048206336796283,0.0867177695035934
2025-01-20,BANKINDIA_NS,0.0041305776685476,0.0061619551852345
2025-01-20,DABUR_NS,0.0075710043311119,0.0436974838376045
2025-01-20,BANKBARODA_NS,0.0033937892876565,-0.0822575315833091
2025-01-20,BAJAJ_AUTO_NS,0.0082810465246438,0.081578105688095
2025-01-20,360ONE_NS,-0.0020474665798246,-0.2371156811714172
2025-01-20,ABB_NS,0.0047375750727951,-0.0603572279214859
2025-01-20,ABCAPITAL_NS,0.0062540955841541,-0.0786472856998443
2025-01-20,ADANIENSOL_NS,0.0059445742517709,-0.0453924126923084
2025-01-20,ADANIENT_NS,0.0057341963984072,-0.0115454206243157
2025-01-20,ADANIGREEN_NS,0.009101839736104,-0.0759751871228218
2025-01-20,ADANIPORTS_NS,0.0044273943640291,0.0304587017744779
2025-01-20,ADANIPOWER_NS,0.0060852919705212,0.0011160622816532
2025-01-20,ALKEM_NS,0.0027594286948442,-0.0301811434328556
2025-01-20,AMBUJACEM_NS,0.0030822400003671,-0.1438663750886917
2025-01-20,APLAPOLLO_NS,0.0014229129301384,-0.0883425772190094
2025-01-20,APOLLOHOSP_NS,-0.0034156735055148,-0.008864002302289
2025-01-20,ASHOKLEY_NS,0.0021970467641949,0.1113227233290672
2025-01-20,ASIANPAINT_NS,0.0108787082135677,-0.010936114937067
2025-01-20,ASTRAL_NS,0.0084786117076873,0.0
2025-01-20,ATGL_NS,0.0041683074086904,-0.0799830555915832
2025-01-20,AUBANK_NS,0.0046237329952418,-0.1166452914476394
2025-01-20,AUROPHARMA_NS,-0.002574985846877,0.0230936743319034
2025-01-20,AXISBANK_NS,0.0055739330127835,0.0374183654785156
2025-01-20,BAJAJFINSV_NS,0.0027849366888403,0.1562477052211761
2025-01-20,BAJAJHLDNG_NS,0.0045053022913634,0.1690222918987274
2025-01-20,BAJFINANCE_NS,0.0063933674246072,0.1927397400140762
2025-01-20,DIVISLAB_NS,0.0048059835098683,0.0375705547630786
2025-01-20,BDL_NS,0.0033308039419353,-0.0531096532940864
2025-01-20,DLF_NS,-0.0014544863952323,0.0228158291429281
2025-01-20,HINDPETRO_NS,-0.0015293265460059,-0.0278276838362216
2025-01-20,HINDUNILVR_NS,0.0070366030558943,0.0389524549245834
2025-01-20,HINDZINC_NS,0.0042137568816542,-0.0260807964950799
2025-01-20,HUDCO_NS,0.0008517700480297,-0.1549047231674194
2025-01-20,HYUNDAI_NS,0.0069487746804952,0.1163212060928344
2025-01-20,ICICIAMC_NS,-0.0041643264703452,0.0824270322918891
2025-01-20,ICICIBANK_NS,0.0026085432618856,0.0471248403191566
2025-01-20,ICICIGI_NS,0.004759247880429,-0.0919874310493469
2025-01-20,IDEA_NS,0.0068605239503085,-0.0642902925610542
2025-01-20,IDFCFIRSTB_NS,0.0057048569433391,-0.0045580863952636
2025-01-20,HINDALCO_NS,0.0061807478778064,0.0755484998226165
2025-01-20,INDHOTEL_NS,-0.0077622970566153,-0.0241594091057777
2025-01-20,INDIGO_NS,-0.0040792818181216,0.1272708177566528
2025-01-20,INDUSINDBK_NS,0.0077678663656115,0.1093312725424766
2025-01-20,INDUSTOWER_NS,0.0047737741842865,0.0180019978433847
2025-01-20,INFY_NS,0.0018395787337794,0.0592942759394645
2025-01-20,IOC_NS,0.0028352793306112,0.0
2025-01-20,IRCTC_NS,0.0059077902697026,0.0028147990815341
2025-01-20,IREDA_NS,0.0040524885989725,-0.1457317620515823
2025-01-20,IRFC_NS,0.0025733653455972,-0.1179427802562713
2025-01-20,ITC_NS,0.0015125676291063,-0.0074235559441149
2025-01-20,DIXON_NS,-0.0043611689470708,-0.1422619372606277
2025-01-20,INDIANB_NS,0.0038860598579049,0.0045580863952636
2025-01-20,HEROMOTOCO_NS,0.0103173721581697,0.0154480934143066
2025-01-20,JINDALSTEL_NS,0.0035198833793401,-0.0212335158139467
2025-01-20,FEDERALBNK_NS,0.0026218616403639,-0.0340653844177722
2025-01-20,DMART_NS,0.0018473920645192,0.0720030069351196
2025-01-20,DRREDDY_NS,0.0028489879332482,-0.0322638303041458
2025-01-20,EICHERMOT_NS,0.0051789646968245,-0.0108430609107017
2025-01-20,ENRIN_NS,-0.0041643264703452,0.0824270322918891
2025-01-20,ETERNAL_NS,0.0009726524585857,-0.0102463793009519
2025-01-20,EXIDEIND_NS,0.005441574845463,-0.0342160612344741
2025-01-20,HDFCLIFE_NS,0.0100571205839514,-0.0006931124371476
2025-01-20,FORTIS_NS,0.0011847388232126,0.0
2025-01-20,GAIL_NS,0.005208964459598,0.0058948718942701
2025-01-20,GMRAIRPORT_NS,0.0014403142267838,0.0008357458864338
2025-01-20,GLENMARK_NS,0.0006259490037336,-0.0398211665451526
2025-01-20,GODREJCP_NS,0.0057620950974524,-0.0657202154397964
2025-01-20,GODREJPROP_NS,0.0001262124860659,-0.0644612163305282
2025-01-20,GRASIM_NS,0.0052472008392214,-0.0264521166682243
2025-01-20,GROWW_NS,-0.0041643264703452,0.0824270322918891
2025-01-20,GVT_D_NS,8.161331061273813e-05,-0.1863365173339843
2025-01-20,HAL_NS,0.0023203687742352,-0.0276698637753725
2025-01-20,HAVELLS_NS,0.0015469283098354,0.1174206510186195
2025-01-20,HCLTECH_NS,0.0003883690806105,-0.0058105117641389
2025-01-20,HDFCAMC_NS,0.0031844121403992,-0.0115572540089488
2025-01-20,HDFCBANK_NS,0.0004139301599934,0.071721151471138
2025-01-20,GODFRYPHLP_NS,0.0057858419604599,0.541465163230896
2025-02-17,NTPC_NS,0.0001729523064568,0.0287218820303678
2025-02-17,OBEROIRLTY_NS,0.0032670814543962,0.0019288253970444
2025-02-17,NYKAA_NS,0.00663404725492,-0.0263939388096332
2025-02-17,NMDC_NS,0.0039418623782694,-0.0027787606231868
2025-02-17,POLICYBZR_NS,0.0058661736547946,0.0290721375495195
2025-02-17,NESTLEIND_NS,0.005937470588833,0.0137212583795189
2025-02-17,NAUKRI_NS,0.0043002064339816,-0.0823059231042862
2025-02-17,NATIONALUM_NS,0.006839514710009,-0.0447509586811065
2025-02-17,M_M_NS,0.0030299443751573,-0.0057635926641523
2025-02-17,NHPC_NS,0.0032135215587913,-0.0045777037739753
2025-02-17,OFSS_NS,0.0077706631273031,-0.03234339132905
2025-02-17,PNB_NS,0.0051166950725018,-0.0499197281897068
2025-02-17,ONGC_NS,0.0036564241163432,-0.0421938672661781
2025-02-17,PAGEIND_NS,0.0036438638344407,0.0297883786261081
2025-02-17,PATANJALI_NS,0.0066579799167811,-0.0063618449494242
2025-02-17,PAYTM_NS,0.0056256470270454,0.0071941572241485
2025-02-17,PERSISTENT_NS,0.0035663656890392,0.0538204498589038
2025-02-17,PFC_NS,0.0052552847191691,0.0433345884084701
2025-02-17,PHOENIXLTD_NS,0.005827865563333,0.0193452853709459
2025-02-17,PIDILITIND_NS,0.0038227071054279,-0.031066283583641
2025-02-17,PIIND_NS,0.0053373198024928,0.0700930580496788
2025-02-17,M_MFIN_NS,0.0044952980242669,0.0248591285198926
2025-02-17,OIL_NS,0.0052901618182659,-0.0738267078995704
2025-02-17,MUTHOOTFIN_NS,0.0077467486262321,0.0042014895007014
2025-02-17,LUPIN_NS,0.0048330007120966,0.0077601680532097
2025-02-17,MPHASIS_NS,0.0032608630135655,0.0
2025-02-17,KALYANKJIL_NS,0.006838718894869,-0.0764591768383979
2025-02-17,KEI_NS,0.0017081425758078,-0.206794872879982
2025-02-17,KOTAKBANK_NS,0.0065656816586852,0.0158615633845329
2025-02-17,KPITTECH_NS,0.0035225772298872,0.0945064127445221
2025-02-17,LAURUSLABS_NS,0.0018954334082081,0.0636381357908248
2025-02-17,LENSKART_NS,-0.0041742757894098,-0.01340938732028
2025-02-17,LGEINDIA_NS,-0.0041742757894098,-0.01340938732028
2025-02-17,LICHSGFIN_NS,0.001523045473732,-0.0208542719483375
2025-02-17,LODHA_NS,0.0021795104257762,-0.0085128108039498
2025-02-17,LTF_NS,0.0033381171524524,0.0823418870568275
2025-02-17,LTM_NS,-0.0041742757894098,-0.01340938732028
2025-02-17,LT_NS,0.0068449657410383,-0.0024050024803727
2025-02-17,MANKIND_NS,0.0060145547613501,-0.0648425593972206
2025-02-17,MARICO_NS,0.0029331976547837,0.0235369764268398
2025-02-17,MARUTI_NS,0.0072569968178868,-0.0887790918350219
2025-02-17,MAXHEALTH_NS,0.0023738713935017,0.0855707228183746
2025-02-17,MAZDOCK_NS,0.0049478313885629,0.1256869286298751
2025-02-17,MCX_NS,0.0052445265464484,-0.0829130783677101
2025-02-17,MFSL_NS,0.0048587201163172,-0.0013931759167462
2025-02-17,MOTHERSON_NS,0.0061701368540525,0.0269922129809856
2025-02-17,MOTILALOFS_NS,0.0077645732089877,0.0216174200177192
2025-02-17,MRF_NS,0.0109873432666063,0.0057635926641523
2025-02-17,POLYCAB_NS,0.0070998687297105,-0.1716626584529876
2025-02-17,ZYDUSLIFE_NS,0.0048314058221876,-0.0280360151082277
2025-02-17,POWERINDIA_NS,-0.0021191821433603,0.0764698684215545
2025-02-17,TCS_NS,0.0033675194717943,0.0252447333186864
2025-02-17,TECHM_NS,0.0069334218278527,-0.0490856170654296
2025-02-17,TIINDIA_NS,0.0043817022815346,0.1004078462719917
2025-02-17,TITAN_NS,0.0017497484805062,-0.0071941572241485
2025-02-17,TMCV_NS,-0.0041742757894098,-0.01340938732028
2025-02-17,TMPV_NS,-0.0041742757894098,-0.01340938732028
2025-02-17,TORNTPHARM_NS,0.0030395467765629,0.0276220757514238
2025-02-17,TRENT_NS,0.0065385848283767,0.0295360572636127
2025-02-17,TVSMOTOR_NS,0.0014646678464487,-0.0124244010075926
2025-02-17,ULTRACEMCO_NS,0.0016663587884977,-0.0548019483685493
2025-02-17,UNIONBANK_NS,0.004411153960973,0.059741836041212
2025-02-17,UNITDSPR_NS,0.0036687199026346,0.0320149585604667
2025-02-17,UPL_NS,0.0077288318425416,0.0
2025-02-17,VBL_NS,0.0044997218064963,0.1567214578390121
2025-02-17,VEDL_NS,0.0050047300755977,0.0279762800782918
2025-02-17,VMM_NS,0.0050716185942292,-0.0381482653319835
2025-02-17,VOLTAS_NS,0.004864040762186,0.0601757317781448
2025-02-17,WAAREEENER_NS,0.0053447056561708,0.0226458497345447
2025-02-17,WIPRO_NS,0.0037336973473429,-0.0137420063838362
2025-02-17,YESBANK_NS,0.000980862067081,-0.0711618885397911
2025-02-17,JUBLFOOD_NS,0.001423277077265,-0.0773274153470993
2025-02-17,TATASTEEL_NS,0.0045085493475198,0.071443110704422
2025-02-17,TATAPOWER_NS,0.0038559413515031,0.0
2025-02-17,TATAINVEST_NS,0.003711774945259,0.1618858873844146
2025-02-17,TATAELXSI_NS,0.0024447236210107,-0.0170144531875848
2025-02-17,PREMIERENE_NS,0.0041154255159199,-0.035423818975687
2025-02-17,PRESTIGE_NS,0.0070314304903149,-0.0567515604197979
2025-02-17,RADICO_NS,0.0031601781956851,0.1703858971595764
2025-02-17,RECLTD_NS,0.0063952645286917,0.0452617183327674
2025-02-17,RELIANCE_NS,0.0055787973105907,-0.0149744423106312
2025-02-17,RVNL_NS,0.0003065831260755,0.0024050024803727
2025-02-17,SAIL_NS,0.0058330185711383,-0.0189617797732353
2025-02-17,SBICARD_NS,0.007778669707477,-0.0047126952558755
2025-02-17,SBILIFE_NS,0.0071474928408861,0.0047126952558755
2025-02-17,SBIN_NS,0.0044375737197697,4.668080509873107e-05
2025-02-17,POWERGRID_NS,0.003938159905374,-0.0306478589773178
2025-02-17,SHREECEM_NS,0.0047273561358451,0.0047431364655494
2025-02-17,SIEMENS_NS,0.0075219348073005,-0.0419887751340866
2025-02-17,SOLARINDS_NS,0.0047707464545965,0.0815266668796539
2025-02-17,SRF_NS,0.0070682526566088,0.0626004859805107
2025-02-17,SUNPHARMA_NS,0.0049107619561254,0.0
2025-02-17,SUPREMEIND_NS,0.0030973497778177,-0.146268606185913
2025-02-17,SUZLON_NS,0.0059023974463343,0.1137080788612365
2025-02-17,SWIGGY_NS,0.0065628206357359,0.0330904871225357
2025-02-17,TATACAP_NS,-0.0041742757894098,-0.01340938732028
2025-02-17,TATACOMM_NS,0.0059583359397947,0.0521316900849342
2025-02-17,TATACONSUM_NS,0.0078457780182361,-0.0462850332260131
2025-02-17,SHRIRAMFIN_NS,0.0054209134541451,0.141108825802803
2025-02-17,JSWSTEEL_NS,0.0072417771443724,-0.0218766964972019
2025-02-17,JSWENERGY_NS,0.0068733072839677,0.1720622181892395
2025-02-17,JIOFIN_NS,0.0092184161767363,0.0272885393351316
2025-02-17,BEL_NS,0.0043262694962322,0.0753630325198173
2025-02-17,BHARATFORG_NS,0.0050014923326671,0.0960571095347404
2025-02-17,BHARTIARTL_NS,0.0089588509872555,0.0068730437196791
2025-02-17,BHEL_NS,0.0058743692934513,-0.0432461984455585
2025-02-17,BIOCON_NS,0.0051453588530421,-0.039544939994812
2025-02-17,BLUESTARCO_NS,0.0064706304110586,0.0163958966732025
2025-02-17,BOSCHLTD_NS,0.0124039947986602,0.0217318180948495
2025-02-17,BPCL_NS,0.007358931005001,0.0251983702182769
2025-02-17,BRITANNIA_NS,0.0043736137449741,-0.0156316999346017
2025-02-17,BSE_NS,0.0041927276179194,-0.2036067694425583
2025-02-17,CANBK_NS,0.0023189820349216,-0.0207618083804845
2025-02-17,CGPOWER_NS,0.0046094390563666,0.0072194379754364
2025-02-17,CHOLAFIN_NS,0.0074055418372154,0.0432067178189754
2025-02-17,CIPLA_NS,0.0064759394153952,0.0042334995232522
2025-02-17,COALINDIA_NS,0.003273410256952,0.0022695972584187
2025-02-17,COCHINSHIP_NS,0.0033588223159313,0.0674360543489456
2025-02-17,COFORGE_NS,0.0018167301313951,0.1028846949338913
2025-02-17,COLPAL_NS,0.0024703308008611,-0.0066260281018912
2025-02-17,CONCOR_NS,0.0099940039217472,-0.0815327018499374
2025-02-17,COROMANDEL_NS,0.0035610757768154,0.1362427324056625
2025-02-17,CUMMINSIND_NS,0.0093212388455867,-0.0143085466697812
2025-02-17,BANKINDIA_NS,-0.0018308501457795,0.0039264503866434
2025-02-17,DABUR_NS,0.0069887922145426,-0.0308342967182397
2025-02-17,BANKBARODA_NS,0.0062141050584614,0.0115937003865838
2025-02-17,BAJAJ_AUTO_NS,0.0039480901323258,-0.0884454026818275
2025-02-17,360ONE_NS,0.0054588909260928,-0.0193401165306568
2025-02-17,ABB_NS,0.0078686503693461,-0.0677247568964958
2025-02-17,ABCAPITAL_NS,0.0037037124857306,0.0856729447841644
2025-02-17,ADANIENSOL_NS,0.0050074136815965,0.0556050539016723
2025-02-17,ADANIENT_NS,0.0063035222701728,0.0372698791325092
2025-02-17,ADANIGREEN_NS,0.0044052279554307,-0.0573243983089923
2025-02-17,ADANIPORTS_NS,0.0068263462744653,0.0419854260981082
2025-02-17,ADANIPOWER_NS,0.0040694740600883,-0.0355323031544685
2025-02-17,ALKEM_NS,0.0055479677394032,0.0022599683143198
2025-02-17,AMBUJACEM_NS,0.0033832401968538,0.0265474580228328
2025-02-17,APLAPOLLO_NS,0.0014491790207102,0.0266028176993131
2025-02-17,APOLLOHOSP_NS,0.001862704870291,0.0
2025-02-17,ASHOKLEY_NS,0.0071486644446849,-0.0792717859148979
2025-02-17,ASIANPAINT_NS,0.0066414596512913,-0.0068882550112903
2025-02-17,ASTRAL_NS,0.0078655714169144,0.0
2025-02-17,ATGL_NS,0.005616495385766,0.0623323954641819
2025-02-17,AUBANK_NS,0.001978175714612,-0.0234264750033617
2025-02-17,AUROPHARMA_NS,0.0056673372164368,-0.0169294588267803
2025-02-17,AXISBANK_NS,0.0041200816631317,0.030462035909295
2025-02-17,BAJAJFINSV_NS,0.008545696735382,-0.0754298642277717
2025-02-17,BAJAJHLDNG_NS,0.0071333199739456,-0.0537205040454864
2025-02-17,BAJFINANCE_NS,0.0073412088677287,-0.0228874180465936
2025-02-17,DIVISLAB_NS,0.0046834954991936,-0.0381208360195159
2025-02-17,BDL_NS,0.0049523115158081,0.0426900796592235
2025-02-17,DLF_NS,0.0024374439381062,-0.0019288253970444
2025-02-17,HINDPETRO_NS,0.006886935327202,0.0059183286502957
2025-02-17,HINDUNILVR_NS,0.0038292850367724,-0.0266184527426958
2025-02-17,HINDZINC_NS,0.00448266742751,-0.0040538958273828
2025-02-17,HUDCO_NS,0.003941582981497,0.0752249881625175
2025-02-17,HYUNDAI_NS,0.000719406758435,-0.1363749206066131
2025-02-17,ICICIAMC_NS,-0.0041742757894098,-0.01340938732028
2025-02-17,ICICIBANK_NS,0.0044018025510013,0.0253182128071784
2025-02-17,ICICIGI_NS,0.0041326507925987,-0.0122560421004891
2025-02-17,IDEA_NS,0.0028770519420504,-0.1409519016742706
2025-02-17,IDFCFIRSTB_NS,0.0030603851191699,-0.1284149289131164
2025-02-17,HINDALCO_NS,0.0054869344457983,0.046982042491436
2025-02-17,INDHOTEL_NS,0.0031909444369375,0.1282825767993927
2025-02-17,INDIGO_NS,0.002937757410109,0.1539172679185867
2025-02-17,INDUSINDBK_NS,0.0050319116562604,-0.4563107490539551
2025-02-17,INDUSTOWER_NS,0.0026639183051884,-0.0068730437196791
2025-02-17,INFY_NS,0.00336186401546,-0.0146097559481859
2025-02-17,IOC_NS,0.0045183594338595,0.0364855602383613
2025-02-17,IRCTC_NS,0.0054979114793241,-0.0523147843778133
2025-02-17,IREDA_NS,0.0048383278772234,-0.1118910238146781
2025-02-17,IRFC_NS,0.0018422888824716,0.0013931759167462
2025-02-17,ITC_NS,0.003043811302632,0.0
2025-02-17,DIXON_NS,0.0053604403510689,-0.0156219117343425
2025-02-17,INDIANB_NS,0.0008683243067935,0.0022204099223017
2025-02-17,HEROMOTOCO_NS,0.0060592009685933,-0.0791812017560005
2025-02-17,JINDALSTEL_NS,0.0010445743100717,0.0027787606231868
2025-02-17,FEDERALBNK_NS,0.007495735771954,-0.0023677663411945
2025-02-17,DMART_NS,0.0058174207806587,0.0753661915659904
2025-02-17,DRREDDY_NS,0.0005609319778159,-0.0306607540696859
2025-02-17,EICHERMOT_NS,-0.0024507199414074,0.092750146985054
2025-02-17,ENRIN_NS,-0.0041742757894098,-0.01340938732028
2025-02-17,ETERNAL_NS,0.0066566988825798,0.01340938732028
2025-02-17,EXIDEIND_NS,0.0073556788265705,-0.0215477012097835
2025-02-17,HDFCLIFE_NS,0.0037168944254517,0.0667193979024887
2025-02-17,FORTIS_NS,0.0034067248925566,-0.0048609813675284
2025-02-17,GAIL_NS,0.00649269297719,0.0
2025-02-17,GMRAIRPORT_NS,0.0029623773880302,0.0453239679336547
2025-02-17,GLENMARK_NS,0.0034698909148573,0.0528380833566188
2025-02-17,GODREJCP_NS,0.0033139809966087,0.0696192905306816
2025-02-17,GODREJPROP_NS,0.0065739452838897,0.0355648435652256
2025-02-17,GRASIM_NS,0.003772534430027,-0.0047431364655494
2025-02-17,GROWW_NS,-0.0041742757894098,-0.01340938732028
2025-02-17,GVT_D_NS,0.004029476083815,0.0516232214868068
2025-02-17,HAL_NS,0.0058632032014429,-0.0072194379754364
2025-02-17,HAVELLS_NS,0.0024640038609504,-0.1291861087083816
2025-02-17,HCLTECH_NS,0.0061554196290671,0.0262616816908121
2025-02-17,HDFCAMC_NS,0.0062889768742024,0.0091808112338185
2025-02-17,HDFCBANK_NS,0.005863903556019,-4.668080509873107e-05
2025-02-17,GODFRYPHLP_NS,0.0107286693528294,-0.150625541806221
2025-03-20,NYKAA_NS,0.0060889036394655,0.0257959719747304
2025-03-20,M_M_NS,0.0049031563103199,-0.0406476780772209
2025-03-20,NATIONALUM_NS,0.006747918203473,-0.1495702117681503
2025-03-20,NAUKRI_NS,0.0062043634243309,0.0001043675874825
2025-03-20,NESTLEIND_NS,0.0055604516528546,-0.0264477357268333
2025-03-20,NHPC_NS,0.0074190590530633,0.0404214821755886
2025-03-20,M_MFIN_NS,0.0059945811517536,-0.1117958277463913
2025-03-20,NMDC_NS,0.0071268239989876,0.0354180708527565
2025-03-20,NTPC_NS,0.0059010642580688,-0.0057126716710627
2025-03-20,OBEROIRLTY_NS,0.0082272626459598,-0.0028719855472445
2025-03-20,PAYTM_NS,0.0077944919466972,0.0901819616556167
2025-03-20,OIL_NS,0.006223814561963,-0.0401676259934902
2025-03-20,ONGC_NS,0.0069031361490488,-0.0117919249460101
2025-03-20,PAGEIND_NS,0.0085186827927827,-0.0486872382462024
2025-03-20,PATANJALI_NS,0.0041129840537905,0.0
2025-03-20,PERSISTENT_NS,0.0063871452584862,0.0
2025-03-20,PFC_NS,0.0072882249951362,-0.0090679069980978
2025-03-20,PHOENIXLTD_NS,0.0076879560947418,0.0028719855472445
2025-03-20,PIDILITIND_NS,0.0065544969402253,0.0422154739499092
2025-03-20,PIIND_NS,0.0033836411312222,0.0
2025-03-20,MUTHOOTFIN_NS,0.0073224641382694,-0.184442713856697
2025-03-20,OFSS_NS,0.0105894161388278,0.1527245491743087
2025-03-20,PNB_NS,0.0062443455681204,0.0148094212636351
2025-03-20,KALYANKJIL_NS,0.0077692624181509,-0.0129477698355913
2025-03-20,MOTILALOFS_NS,0.0095043871551752,0.1291750967502594
2025-03-20,POLICYBZR_NS,0.007703498005867,0.0236979462206363
2025-03-20,KEI_NS,0.0047800671309232,0.0046249153092503
2025-03-20,KOTAKBANK_NS,0.0072294073179364,-0.0148094212636351
2025-03-20,KPITTECH_NS,0.0039896238595247,-0.0472624786198139
2025-03-20,LAURUSLABS_NS,0.0052960361354053,0.0369208678603172
2025-03-20,LENSKART_NS,-0.0041650566272437,-0.0432747602462768
2025-03-20,LGEINDIA_NS,-0.0041650566272437,-0.0432747602462768
2025-03-20,LICHSGFIN_NS,0.0061437967233359,0.0137653173878788
2025-03-20,LODHA_NS,0.0055972118861973,0.0759835541248321
2025-03-20,LTF_NS,0.0047435420565307,0.1385902166366577
2025-03-20,LTM_NS,-0.0041650566272437,-0.0432747602462768
2025-03-20,LT_NS,0.0079418355599045,-0.0625481307506561
2025-03-20,LUPIN_NS,0.0055577112361788,-0.0200021006166934
2025-03-20,MANKIND_NS,0.0075095798820257,0.1177794858813285
2025-03-20,MARICO_NS,0.0054224920459091,0.0022379395086318
2025-03-20,MARUTI_NS,0.001080384128727,-0.0523684471845626
2025-03-20,MAXHEALTH_NS,0.0066654691472649,-0.0878459364175796
2025-03-20,MAZDOCK_NS,0.0063512893393635,0.0020240377634763
2025-03-20,MCX_NS,0.004326885100454,0.0599527135491371
2025-03-20,MFSL_NS,0.0060430159792304,0.0213838387280702
2025-03-20,MOTHERSON_NS,0.0077474787831306,-0.0064150211401283
2025-03-20,MPHASIS_NS,0.007968371734023,0.0752550065517425
2025-03-20,POLYCAB_NS,0.0042154542170464,0.0503101050853729
2025-03-20,TATACONSUM_NS,0.0022220318205654,0.0668370723724365
2025-03-20,POWERINDIA_NS,0.0063581098802387,0.1148811727762222
2025-03-20,TCS_NS,0.0078104343265295,-0.0391432978212833
2025-03-20,TECHM_NS,0.0039862785488367,0.031523585319519
2025-03-20,TIINDIA_NS,0.0086326170712709,-0.1513092070817947
2025-03-20,TITAN_NS,0.0078585352748632,-0.0618750154972076
2025-03-20,TMCV_NS,-0.0041650566272437,-0.0432747602462768
2025-03-20,TMPV_NS,-0.0041650566272437,-0.0432747602462768
2025-03-20,TORNTPHARM_NS,0.0070292842574417,0.0
2025-03-20,TRENT_NS,0.0098441420122981,-0.1001907959580421
2025-03-20,TVSMOTOR_NS,0.0047607077285647,0.1051037833094596
2025-03-20,ULTRACEMCO_NS,0.0020452500320971,0.0021797344088554
2025-03-20,UNIONBANK_NS,0.0073421988636255,-0.027486203238368
2025-03-20,UNITDSPR_NS,0.0077053410932421,0.0100894942879676
2025-03-20,UPL_NS,0.0024781636893749,-0.0105040268972516
2025-03-20,VBL_NS,0.004512638784945,-0.146872729063034
2025-03-20,VEDL_NS,0.0060053649358451,-0.1008094176650047
2025-03-20,VMM_NS,0.0063074450008571,0.0554677732288837
2025-03-20,VOLTAS_NS,0.0070934956893324,-0.1721920222043991
2025-03-20,WAAREEENER_NS,0.0073349028825759,0.1880538910627365
2025-03-20,WIPRO_NS,0.0023240018635988,-0.0916991308331489
2025-03-20,YESBANK_NS,0.0057637756690382,-0.0185498129576444
2025-03-20,ZYDUSLIFE_NS,0.0078161982819437,-0.0699595287442207
2025-03-20,TATASTEEL_NS,0.0088287852704525,-0.1040467545390129
2025-03-20,TATAPOWER_NS,0.0068516759201884,0.0
2025-03-20,TATAINVEST_NS,-0.0008759860647842,-0.0371844880282878
2025-03-20,TATAELXSI_NS,0.0064872275106608,0.1030586138367652
2025-03-20,PREMIERENE_NS,0.007579674012959,0.0467517226934433
2025-03-20,PRESTIGE_NS,0.0088876206427812,0.0438651591539382
2025-03-20,RADICO_NS,0.0027841683477163,-0.0402726158499717
2025-03-20,RECLTD_NS,0.0075608100742101,-0.0519989281892776
2025-03-20,RELIANCE_NS,0.0036464091390371,-0.0433897860348224
2025-03-20,RVNL_NS,0.0074391886591911,-0.011025933548808
2025-03-20,SAIL_NS,0.0077334940433502,0.047759223729372
2025-03-20,SBICARD_NS,0.0058207437396049,0.0037270842585712
2025-03-20,SBILIFE_NS,0.004143594764173,-0.0037270842585712
2025-03-20,SBIN_NS,0.0055286451242864,-0.0211018547415733
2025-03-20,POWERGRID_NS,0.0077831475064158,0.0480404943227767
2025-03-20,SHREECEM_NS,0.0046742605045437,-0.0327088348567485
2025-03-20,SIEMENS_NS,0.0082329679280519,-0.0796029940247535
2025-03-20,SOLARINDS_NS,0.0064212405122816,0.2088892161846161
2025-03-20,SRF_NS,0.0069090486504137,-0.0515856854617595
2025-03-20,SUNPHARMA_NS,0.0056970249861478,0.0014069351600483
2025-03-20,SUPREMEIND_NS,0.0080666933208704,-0.0256032552570104
2025-03-20,SUZLON_NS,0.0074025895446538,-0.0142431631684303
2025-03-20,SWIGGY_NS,0.0077810231596231,-0.0828511118888855
2025-03-20,TATACAP_NS,-0.0041650566272437,-0.0432747602462768
2025-03-20,TATACOMM_NS,0.0027996804565191,-0.0818779543042182
2025-03-20,JUBLFOOD_NS,0.0048995483666658,0.0129477698355913
2025-03-20,SHRIRAMFIN_NS,0.0072730127722024,-0.0431062430143356
2025-03-20,JSWSTEEL_NS,0.0085458904504776,0.0071778995916247
2025-03-20,MRF_NS,0.0069753448478877,0.0901812314987182
2025-03-20,JIOFIN_NS,0.007488302886486,0.0673033073544502
2025-03-20,BEL_NS,0.005872368812561,-0.0020240377634763
2025-03-20,BHARATFORG_NS,0.0073667783290147,-0.1425943374633789
2025-03-20,BHARTIARTL_NS,0.0052500879392027,-0.0045902295969426
2025-03-20,BHEL_NS,0.007429813966155,0.0790289193391799
2025-03-20,BIOCON_NS,0.0031264815479516,-0.0717658773064613
2025-03-20,BLUESTARCO_NS,0.0081906402483582,-0.2081398665904998
2025-03-20,BOSCHLTD_NS,0.0126484129577875,-0.037470456212759
2025-03-20,BPCL_NS,0.0057006510905921,0.0355104841291904
2025-03-20,BRITANNIA_NS,0.0036832299083471,0.0052727195434272
2025-03-20,BSE_NS,0.0031762681901454,0.2863520085811615
2025-03-20,CANBK_NS,0.0070532415993511,0.0437145568430423
2025-03-20,CGPOWER_NS,0.0075077563524246,-0.0419648103415966
2025-03-20,CHOLAFIN_NS,0.0088541153818368,-0.049273207783699
2025-03-20,CIPLA_NS,0.0061883125454187,-0.0029007431585341
2025-03-20,COALINDIA_NS,0.0071849934756755,-0.0579210631549358
2025-03-20,COCHINSHIP_NS,0.0071893744170665,-0.0122170811519026
2025-03-20,COFORGE_NS,0.00729700922966,-0.0368937738239765
2025-03-20,COLPAL_NS,0.0083006173372268,0.0045192837715148
2025-03-20,CONCOR_NS,0.0082811350002884,-0.001474265474826
2025-03-20,COROMANDEL_NS,0.0046351104974746,0.0751803889870643
2025-03-20,CUMMINSIND_NS,0.007511232048273,-0.0491879470646381
2025-03-20,BDL_NS,0.0056630945764482,0.1059262156486511
2025-03-20,BANKINDIA_NS,0.0061361989937722,0.0437649115920066
2025-03-20,BANKBARODA_NS,0.0072220358997583,0.0529601201415061
2025-03-20,BAJFINANCE_NS,0.0050877896137535,-0.0161102320998907
2025-03-20,360ONE_NS,0.0037762229330837,0.0090679069980978
2025-03-20,ABB_NS,0.0080120163038373,0.0101418169215321
2025-03-20,ABCAPITAL_NS,0.0077650528401136,0.0535415820777416
2025-03-20,ADANIENSOL_NS,0.0022644093260169,0.0988049432635307
2025-03-20,ADANIENT_NS,0.0064979321323335,-0.0001043675874825
2025-03-20,ADANIGREEN_NS,0.0020752777345478,-0.0184363555163145
2025-03-20,ADANIPORTS_NS,0.006579368840903,0.001474265474826
2025-03-20,ADANIPOWER_NS,0.0072839614003896,0.0361048392951488
2025-03-20,ALKEM_NS,0.0070702140219509,0.0296041704714298
2025-03-20,AMBUJACEM_NS,0.0057725347578525,0.0224554855376482
2025-03-20,DABUR_NS,0.0053094588220119,-0.1321871280670166
2025-03-20,APLAPOLLO_NS,0.0042115626856684,0.0888782069087028
2025-03-20,ASHOKLEY_NS,0.0029097264632582,0.039500493556261
2025-03-20,ASIANPAINT_NS,0.0054160556755959,0.0079800318926572
2025-03-20,ASTRAL_NS,0.0061832163482904,0.0
2025-03-20,ATGL_NS,0.0063710301183164,-0.0347579084336757
2025-03-20,AUBANK_NS,0.0008009813027456,0.1569094955921173
2025-03-20,AUROPHARMA_NS,0.006931944284588,0.0400342233479023
2025-03-20,AXISBANK_NS,0.0083569874987006,0.0324443913996219
2025-03-20,BAJAJFINSV_NS,0.0053914845921099,0.0428794361650943
2025-03-20,BAJAJHLDNG_NS,0.0066060149110853,-0.0540477372705936
2025-03-20,BAJAJ_AUTO_NS,0.0036025461740791,-0.0083489036187529
2025-03-20,APOLLOHOSP_NS,0.006799645256251,0.0372097492218017
2025-03-20,DIVISLAB_NS,0.0060400627553462,0.0365996845066547
2025-03-20,JSWENERGY_NS,0.0071682631969451,-0.177509531378746
2025-03-20,DLF_NS,0.0064930445514619,-0.0447763502597808
2025-03-20,HINDUNILVR_NS,0.0063927788287401,-0.0811473131179809
2025-03-20,HINDZINC_NS,0.0073795532807707,0.0192203056067228
2025-03-20,HUDCO_NS,0.0072408504784107,0.1013923659920692
2025-03-20,HYUNDAI_NS,0.0026206183247268,0.0096087455749511
2025-03-20,ICICIAMC_NS,-0.0041650566272437,-0.0432747602462768
2025-03-20,ICICIBANK_NS,0.0049774651415646,-0.0433717295527458
2025-03-20,ICICIGI_NS,0.0066867396235466,0.0118711721152067
2025-03-20,IDEA_NS,0.0060574831441044,0.0045902295969426
2025-03-20,INDHOTEL_NS,0.0066431988961994,-0.1158582046627998
2025-03-20,INDIANB_NS,0.0057050539180636,-0.0309992935508489
2025-03-20,INDIGO_NS,0.0084796119481325,0.038554523140192
2025-03-20,INDUSINDBK_NS,-0.0099025713279843,0.0780434682965278
2025-03-20,INDUSTOWER_NS,0.0063724061474204,0.0931922197341919
2025-03-20,INFY_NS,0.0064866328611969,-0.0862053856253624
2025-03-20,IOC_NS,0.0061883050948381,0.0
2025-03-20,IRCTC_NS,0.0063301632180809,0.036053329706192
2025-03-20,IREDA_NS,0.0076491385698318,0.1119422167539596
2025-03-20,IRFC_NS,0.0068876706063747,-0.0415892899036407
2025-03-20,ITC_NS,0.0069439108483493,-0.0548394508659839
2025-03-20,JINDALSTEL_NS,0.0061797918751835,-0.0071778995916247
2025-03-20,DIXON_NS,0.0073003564029932,0.0568531937897205
2025-03-20,HINDPETRO_NS,0.0068073240108788,0.0799165293574333
2025-03-20,HINDALCO_NS,0.0071148066781461,-0.1037792414426803
2025-03-20,IDFCFIRSTB_NS,0.0039610429666936,0.0913358107209205
2025-03-20,HDFCLIFE_NS,0.0076034013181924,-0.025218354538083
2025-03-20,HEROMOTOCO_NS,0.0068898261524736,0.0284764785319566
2025-03-20,DRREDDY_NS,0.0077935550361871,-0.0176448971033096
2025-03-20,EICHERMOT_NS,0.0030162772163748,0.0112211275845766
2025-03-20,ENRIN_NS,-0.0041650566272437,-0.0432747602462768
2025-03-20,ETERNAL_NS,0.004766778089106,0.0084238685667514
2025-03-20,EXIDEIND_NS,0.0062394482083618,0.0064150211401283
2025-03-20,FEDERALBNK_NS,0.0077384114265441,-0.0237250383943319
2025-03-20,GAIL_NS,0.0069214603863656,0.0685979500412941
2025-03-20,GLENMARK_NS,0.0048580421134829,-0.068725898861885
2025-03-20,GMRAIRPORT_NS,0.0060388301499187,0.1020080894231796
2025-03-20,GODFRYPHLP_NS,0.0082876943051815,0.2497957199811935
2025-03-20,FORTIS_NS,0.0067090475931763,0.0
2025-03-20,DMART_NS,0.0044289026409387,0.0273146498948335
2025-03-20,GODREJCP_NS,0.006162816658616,0.0232392698526382
2025-03-20,HDFCAMC_NS,0.0072061335667967,0.0510928966104984
2025-03-20,HCLTECH_NS,0.0065016411244869,0.0229451078921556
2025-03-20,HAVELLS_NS,0.0061528547666966,0.0357818827033042
2025-03-20,HAL_NS,0.0063190478831529,0.0879116505384445
2025-03-20,HDFCBANK_NS,0.0078792553395032,-0.0224678702652454
2025-03-20,GROWW_NS,-0.0041650566272437,-0.0432747602462768
2025-03-20,GRASIM_NS,0.0044331816025078,-0.0021797344088554
2025-03-20,GODREJPROP_NS,0.0074621140956878,-0.0074236094951629
2025-03-20,GVT_D_NS,0.0077403131872415,-0.0666805133223533
2025-04-24,OFSS_NS,0.0081500504165887,-0.0764525309205055
2025-04-24,NATIONALUM_NS,0.001183834974654,0.0584512799978256
2025-04-24,NAUKRI_NS,0.0054352288134396,0.0252696890383958
2025-04-24,NESTLEIND_NS,0.007290868088603,0.0119137745350599
2025-04-24,NHPC_NS,0.0088702049106359,0.0
2025-04-24,NMDC_NS,0.0031657256186008,0.0077401455491781
2025-04-24,NTPC_NS,0.0075660860165953,-0.0328291952610015
2025-04-24,NYKAA_NS,0.0067811142653226,0.0350615382194519
2025-04-24,OBEROIRLTY_NS,0.0065969545394182,-0.0283850561827421
2025-04-24,OIL_NS,0.0046388776972889,0.0004641715204343
2025-04-24,POLICYBZR_NS,0.0028609819710254,0.0660387352108955
2025-04-24,PAGEIND_NS,0.0050961570814251,0.0574735701084136
2025-04-24,PATANJALI_NS,0.0055119954049587,-0.1200934946537017
2025-04-24,PAYTM_NS,0.0035857856273651,-0.0350615382194519
2025-04-24,PERSISTENT_NS,0.0037163197994232,0.0271011907607316
2025-04-24,PFC_NS,0.0079254433512687,-0.071845918893814
2025-04-24,PHOENIXLTD_NS,0.0053052864968776,-0.110583446919918
2025-04-24,PIDILITIND_NS,0.0062250923365354,0.039429634809494
2025-04-24,PIIND_NS,0.0064093139953911,0.0564878582954406
2025-04-24,PNB_NS,0.0045065050944685,-0.0204317010939121
2025-04-24,M_M_NS,0.0048298686742782,-0.0183582231402397
2025-04-24,ONGC_NS,0.0031475448049604,-0.0738643780350685
2025-04-24,M_MFIN_NS,0.0028180717490613,-0.0502317510545253
2025-04-24,KEI_NS,0.0083397515118122,0.1555056720972061
2025-04-24,MRF_NS,0.003631567582488,0.0428000539541244
2025-04-24,POLYCAB_NS,0.0081111220642924,-0.043659646064043
2025-04-24,KOTAKBANK_NS,0.0044911191798746,-0.0653725713491439
2025-04-24,KPITTECH_NS,0.003465186804533,0.0241877809166908
2025-04-24,LAURUSLABS_NS,0.0061796875670552,-0.0377211458981037
2025-04-24,LENSKART_NS,-0.0041989386081695,-0.0041371034458279
2025-04-24,LGEINDIA_NS,-0.0041989386081695,-0.0041371034458279
2025-04-24,LICHSGFIN_NS,0.0067439163103699,-0.0375041514635086
2025-04-24,LODHA_NS,0.0044297613203525,0.0200512688606977
2025-04-24,LTF_NS,0.0079998988658189,-0.0339816883206367
2025-04-24,LTM_NS,-0.0041989386081695,-0.0041371034458279
2025-04-24,MUTHOOTFIN_NS,-0.0027698841877281,-0.0345597825944423
2025-04-24,LT_NS,-0.0008447606815025,0.0261639524251222
2025-04-24,MANKIND_NS,0.0027152118273079,-0.0248947255313396
2025-04-24,MARICO_NS,0.0038791131228208,0.0014353314181789
2025-04-24,MARUTI_NS,0.0085011217743158,-0.0348049327731132
2025-04-24,MAXHEALTH_NS,0.0045228973031044,0.0
2025-04-24,MAZDOCK_NS,0.0049533857963979,0.1472695171833038
2025-04-24,MCX_NS,0.0039164386689662,0.0159342419356107
2025-04-24,MFSL_NS,0.0070515987463295,0.1477957516908645
2025-04-24,MOTHERSON_NS,0.0029133087955415,0.0183582231402397
2025-04-24,MOTILALOFS_NS,0.0071673179045319,0.0307625420391559
2025-04-24,MPHASIS_NS,0.0029231323860585,-0.0404520519077777
2025-04-24,LUPIN_NS,0.006104459054768,-0.0148166287690401
2025-04-24,POWERGRID_NS,0.0072604157030582,-0.0350070968270301
2025-04-24,JSWENERGY_NS,0.0035954527556896,0.0251184199005365
2025-04-24,PREMIERENE_NS,0.0076605360954999,0.0020619784481823
2025-04-24,TECHM_NS,0.0097971493378281,0.0311037637293338
2025-04-24,TIINDIA_NS,0.0054172798991203,0.0626744478940963
2025-04-24,TITAN_NS,0.007007417269051,0.0703547447919845
2025-04-24,TMCV_NS,-0.0041989386081695,-0.0041371034458279
2025-04-24,TMPV_NS,-0.0041989386081695,-0.0041371034458279
2025-04-24,TORNTPHARM_NS,0.0067781200632452,0.0
2025-04-24,TRENT_NS,0.0032117636874318,0.0425418205559253
2025-04-24,TVSMOTOR_NS,0.0058586201630532,-0.077114388346672
2025-04-24,ULTRACEMCO_NS,0.0041601741686463,-0.0216454025357961
2025-04-24,UNIONBANK_NS,0.0071502430364489,0.0851382091641426
2025-04-24,UNITDSPR_NS,0.0078673046082258,0.0
2025-04-24,UPL_NS,0.0047589186578989,-0.0296586938202381
2025-04-24,VBL_NS,0.0075322976335883,-0.0935316458344459
2025-04-24,VEDL_NS,-0.0049645015969872,-0.0077401455491781
2025-04-24,VMM_NS,0.0075792437419295,0.1196050941944122
2025-04-24,VOLTAS_NS,0.0037922440096735,-0.1374997943639755
2025-04-24,WAAREEENER_NS,0.0041472180746495,-0.0167162902653217
2025-04-24,WIPRO_NS,0.0082711428403854,-0.0411385335028171
2025-04-24,YESBANK_NS,0.0054235691204667,0.126722365617752
2025-04-24,ZYDUSLIFE_NS,0.0058225113898515,0.0786598995327949
2025-04-24,KALYANKJIL_NS,0.005148755852133,0.0945018455386161
2025-04-24,TCS_NS,0.0046811020001769,-0.0324090532958507
2025-04-24,TATASTEEL_NS,-0.0104784350842237,0.0720985978841781
2025-04-24,TATAPOWER_NS,0.0057962574064731,0.0398455634713172
2025-04-24,TATAINVEST_NS,0.0066159153357148,-0.0020619784481823
2025-04-24,PRESTIGE_NS,0.0051216436550021,0.0398182459175586
2025-04-24,RADICO_NS,0.0080667026340961,-0.0087779825553298
2025-04-24,RECLTD_NS,0.0058470549993216,-0.0989163592457771
2025-04-24,RELIANCE_NS,0.0013072026195004,0.0374169275164604
2025-04-24,RVNL_NS,0.006882794201374,0.0304356552660465
2025-04-24,SAIL_NS,0.0042576491832733,0.0132496748119592
2025-04-24,SBICARD_NS,0.0046781064011156,-0.0600825175642967
2025-04-24,SBILIFE_NS,0.0022321613505482,0.0753540992736816
2025-04-24,SBIN_NS,0.0065053631551563,-0.007099203299731
2025-04-24,SHREECEM_NS,0.0041350638493895,0.0305582415312528
2025-04-24,POWERINDIA_NS,0.0071283802390098,0.1558038145303726
2025-04-24,SHRIRAMFIN_NS,0.0043763946741819,-0.0678251087665557
2025-04-24,SOLARINDS_NS,0.0067083779722452,0.0616556145250797
2025-04-24,SRF_NS,0.0025100852362811,0.0
2025-04-24,SUNPHARMA_NS,0.0043285810388624,-0.0311871040612459
2025-04-24,SUPREMEIND_NS,0.0077948737889528,0.019254894927144
2025-04-24,SUZLON_NS,0.0053624263964593,0.064334399998188
2025-04-24,SWIGGY_NS,0.0082448124885559,-0.063872143626213
2025-04-24,TATACAP_NS,-0.0041989386081695,-0.0041371034458279
2025-04-24,TATACOMM_NS,0.0031121186912059,0.0826507657766342
2025-04-24,TATACONSUM_NS,0.0013996312627568,-0.0095991650596261
2025-04-24,TATAELXSI_NS,0.0075075402855873,0.011682316660881
2025-04-24,SIEMENS_NS,0.0041417852044105,-0.0076105357147753
2025-04-24,JUBLFOOD_NS,0.0046948730014264,-0.0745841115713119
2025-04-24,HEROMOTOCO_NS,0.0066193412058055,0.0193209405988454
2025-04-24,BEL_NS,0.0055668717250227,0.1095209643244743
2025-04-24,JSWSTEEL_NS,-0.0074773551896214,-0.077948659658432
2025-04-24,BHARATFORG_NS,-0.0002017178339883,0.0435422472655773
2025-04-24,BHARTIARTL_NS,0.0069476519711315,0.0335363075137138
2025-04-24,BHEL_NS,0.0080422516912221,0.0076105357147753
2025-04-24,BIOCON_NS,0.003789285197854,0.0592875927686691
2025-04-24,BLUESTARCO_NS,0.0028907349333167,-0.2954379022121429
2025-04-24,BOSCHLTD_NS,0.003940733615309,0.0551741048693656
2025-04-24,BPCL_NS,0.0086434092372655,0.0070562656037509
2025-04-24,BRITANNIA_NS,0.0043037785217165,0.0148880574852228
2025-04-24,BSE_NS,0.0016009073005989,0.1064707264304161
2025-04-24,CANBK_NS,0.0063948542810976,0.0749093070626258
2025-04-24,CGPOWER_NS,0.0030486867763102,-0.0428871400654315
2025-04-24,CHOLAFIN_NS,0.0046476363204419,0.0401427075266838
2025-04-24,COALINDIA_NS,0.0053154430352151,0.0300397500395774
2025-04-24,COCHINSHIP_NS,0.0071756085380911,0.1233479306101799
2025-04-24,COFORGE_NS,-0.0009565426735207,0.0846040025353431
2025-04-24,COLPAL_NS,0.0073858965188264,-0.0812301412224769
2025-04-24,CONCOR_NS,0.0058250129222869,-0.0261639524251222
2025-04-24,COROMANDEL_NS,0.0058692693710327,0.0680397376418113
2025-04-24,CUMMINSIND_NS,0.0048192059621214,-0.1169895455241203
2025-04-24,DABUR_NS,-0.0012626008829101,-0.0200563464313745
2025-04-24,BDL_NS,0.0076706511899828,0.1694458574056625
2025-04-24,BANKINDIA_NS,0.0035476423799991,-0.0140274837613105
2025-04-24,BANKBARODA_NS,0.0047565638087689,-0.045860406011343
2025-04-24,BAJFINANCE_NS,0.0070420308038592,-0.0226097833365201
2025-04-24,360ONE_NS,0.0050187297165393,-0.0159342419356107
2025-04-24,ABB_NS,0.0055019804276525,-0.0611346252262592
2025-04-24,ABCAPITAL_NS,0.0056443153880536,0.0681767612695694
2025-04-24,ADANIENSOL_NS,0.0069945747964084,-0.0673216208815574
2025-04-24,ADANIENT_NS,0.0071039702743291,0.0380317158997058
2025-04-24,ADANIGREEN_NS,0.0056634452193975,0.0662599578499794
2025-04-24,ADANIPORTS_NS,0.0059996899217367,0.0503084175288677
2025-04-24,ADANIPOWER_NS,0.0084753623232245,-0.0074761398136615
2025-04-24,ALKEM_NS,0.0068327272310853,0.0514424070715904
2025-04-24,AMBUJACEM_NS,0.0071621453389525,0.00926074385643
2025-04-24,DIVISLAB_NS,0.0047626444138586,0.1228628531098365
2025-04-24,APLAPOLLO_NS,0.006224010605365,0.0541227720677852
2025-04-24,ASHOKLEY_NS,0.005798902362585,-0.0212228987365961
2025-04-24,ASIANPAINT_NS,0.0078215543180704,-0.007659416180104
2025-04-24,ASTRAL_NS,0.0054911458864808,0.0
2025-04-24,ATGL_NS,0.0073180012404918,0.0650210529565811
2025-04-24,AUBANK_NS,0.0045753419399261,0.022528052330017
2025-04-24,AUROPHARMA_NS,0.0049040988087654,-0.0207930169999599
2025-04-24,AXISBANK_NS,0.0060248109512031,0.0033439651597291
2025-04-24,BAJAJFINSV_NS,0.0066702743060886,-0.0457849390804767
2025-04-24,BAJAJHLDNG_NS,0.0022524297237396,0.1009063497185707
2025-04-24,BAJAJ_AUTO_NS,0.0036093369126319,0.0841486603021621
2025-04-24,APOLLOHOSP_NS,0.0025689778849482,-0.0664227828383445
2025-04-24,DIXON_NS,0.0060801352374255,-0.0897700637578964
2025-04-24,CIPLA_NS,0.0042241597548127,-0.0021808615420013
2025-04-24,DMART_NS,0.0063306167721748,-0.0782928541302681
2025-04-24,HINDUNILVR_NS,0.0066254558041691,0.0325597450137138
2025-04-24,HINDZINC_NS,0.0044357939623296,-0.08465576171875
2025-04-24,HUDCO_NS,0.0076572019606828,0.0311026908457279
2025-04-24,HYUNDAI_NS,0.0047226939350366,0.0902684032917022
2025-04-24,ICICIAMC_NS,-0.0041989386081695,-0.0041371034458279
2025-04-24,ICICIBANK_NS,0.0023292517289519,0.0371043980121612
2025-04-24,ICICIGI_NS,0.0051457900553941,-0.0580794662237167
2025-04-24,IDEA_NS,0.005699117667973,-0.102231778204441
2025-04-24,DLF_NS,0.0050746374763548,0.0674581155180931
2025-04-24,INDHOTEL_NS,0.0060569727793335,-0.0503926537930965
2025-04-24,HINDPETRO_NS,0.0075553674250841,0.0
2025-04-24,INDIANB_NS,0.0061234277673065,0.0322486944496631
2025-04-24,INDUSINDBK_NS,0.0064585977233946,-0.0276066921651363
2025-04-24,INDUSTOWER_NS,0.0070189107209444,-0.0335363075137138
2025-04-24,INFY_NS,0.0105388108640909,0.0
2025-04-24,IOC_NS,0.0091159436851739,-0.0231978129595518
2025-04-24,IRCTC_NS,0.007543321698904,-0.0539102144539356
2025-04-24,IREDA_NS,0.0046719457022845,-0.0132569577544927
2025-04-24,IRFC_NS,0.0072455219924449,0.0288483146578073
2025-04-24,ITC_NS,0.0092721516266465,0.0328440815210342
2025-04-24,JINDALSTEL_NS,-0.0042147445492446,-0.0159422885626554
2025-04-24,JIOFIN_NS,0.0081352200359106,0.0809047594666481
2025-04-24,INDIGO_NS,0.008034536615014,-0.0225097462534904
2025-04-24,HINDALCO_NS,-0.0087949447333812,-0.014862673357129
2025-04-24,IDFCFIRSTB_NS,0.0036491719074547,-0.0186864044517278
2025-04-24,HDFCLIFE_NS,0.006065075751394,0.0580794662237167
2025-04-24,EICHERMOT_NS,0.0069656656123697,-0.1184248104691505
2025-04-24,ENRIN_NS,-0.0041989386081695,-0.0041371034458279
2025-04-24,ETERNAL_NS,0.0057340417988598,-0.0455092191696167
2025-04-24,EXIDEIND_NS,0.0037765190936625,-0.0668495967984199
2025-04-24,FEDERALBNK_NS,0.0045425849966704,-0.0033439651597291
2025-04-24,FORTIS_NS,0.0062892180867493,0.0002553894009906
2025-04-24,GAIL_NS,0.0041546788997948,-0.0604802072048187
2025-04-24,GLENMARK_NS,0.0015592245617881,0.0203794408589601
2025-04-24,GMRAIRPORT_NS,0.0083546675741672,-0.102478988468647
2025-04-24,GODFRYPHLP_NS,0.006056759506464,0.0021651077549904
2025-04-24,DRREDDY_NS,0.0033378526568412,0.0753931775689125
2025-04-24,GODREJPROP_NS,0.0061692646704614,-0.0200512688606977
2025-04-24,GODREJCP_NS,0.0056026116944849,0.020294114947319
2025-04-24,HDFCAMC_NS,0.0052125905640423,0.0398796163499355
2025-04-24,HCLTECH_NS,0.0036651310510933,-0.0067353374324738
2025-04-24,HAVELLS_NS,0.0076382830739021,-0.1395669728517532
2025-04-24,HDFCBANK_NS,0.0054039601236581,0.0087899509817361
2025-04-24,GVT_D_NS,0.0037680491805076,0.3133045136928558
2025-04-24,GROWW_NS,-0.0041989386081695,-0.0041371034458279
2025-04-24,GRASIM_NS,0.0039752861484885,-0.00926074385643
2025-04-24,HAL_NS,0.0049636512994766,0.0315141379833221
2025-05-26,NTPC_NS,0.0038338205777108,-0.0156842395663261
2025-05-26,OBEROIRLTY_NS,0.007208889350295,0.0556626953184604
2025-05-26,NYKAA_NS,0.0079864198341965,0.0021866732276976
2025-05-26,NMDC_NS,0.006790654733777,-0.0412773862481117
2025-05-26,POLICYBZR_NS,0.0086072217673063,0.043819859623909
2025-05-26,NESTLEIND_NS,0.0054757590405642,0.0
2025-05-26,NAUKRI_NS,0.006970637012273,0.0213293023407459
2025-05-26,NATIONALUM_NS,0.0052916733548045,0.0448441430926322
2025-05-26,M_M_NS,-0.0004711620276793,0.0145782092586159
2025-05-26,NHPC_NS,0.0020865136757493,0.0058954786509275
2025-05-26,OFSS_NS,0.0050200107507407,0.033986859023571
2025-05-26,PNB_NS,0.0030597555451095,0.0325692258775234
2025-05-26,ONGC_NS,0.0061915963888168,0.0
2025-05-26,PAGEIND_NS,0.0088991578668355,-0.0088158976286649
2025-05-26,PATANJALI_NS,0.00129042530898,-0.0391285941004753
2025-05-26,PAYTM_NS,0.0058821877464652,0.0439530983567237
2025-05-26,PERSISTENT_NS,0.0001985380658879,0.0203419793397188
2025-05-26,PFC_NS,0.006088369525969,-0.0046921148896217
2025-05-26,PHOENIXLTD_NS,0.0051998533308506,-0.0737132877111435
2025-05-26,PIDILITIND_NS,0.0049341968260705,-0.0336165688931942
2025-05-26,PIIND_NS,0.0064742662943899,0.1058430597186088
2025-05-26,M_MFIN_NS,0.0033697513863444,0.0474273860454559
2025-05-26,OIL_NS,0.0051571861840784,0.0498078949749469
2025-05-26,MUTHOOTFIN_NS,0.0017820788780227,0.1902546733617782
2025-05-26,LUPIN_NS,0.00546918483451,-0.0286993160843849
2025-05-26,MPHASIS_NS,0.0048558516427874,0.0061497944407165
2025-05-26,KALYANKJIL_NS,0.0082020610570907,-0.0756517201662063
2025-05-26,KEI_NS,0.0029819197952747,0.093479111790657
2025-05-26,KOTAKBANK_NS,0.003031809348613,0.0249737650156021
2025-05-26,KPITTECH_NS,0.005560855846852,-0.0684478729963302
2025-05-26,LAURUSLABS_NS,0.0052469284273684,0.1181036308407783
2025-05-26,LENSKART_NS,-0.0041840025223791,-0.000155301662744
2025-05-26,LGEINDIA_NS,-0.0041840025223791,-0.000155301662744
2025-05-26,LICHSGFIN_NS,0.0063264709897339,-0.0132032055407762
2025-05-26,LODHA_NS,0.0071435458958148,-0.0551924146711826
2025-05-26,LTF_NS,0.0071227550506591,0.1536455750465393
2025-05-26,LTM_NS,-0.0041840025223791,-0.000155301662744
2025-05-26,LT_NS,0.0046893302351236,0.0159355644136667
2025-05-26,MANKIND_NS,0.0049871639348566,-0.0517067722976207
2025-05-26,MARICO_NS,0.004396142438054,0.0255065392702817
2025-05-26,MARUTI_NS,0.0046472921967506,0.0073193819262087
2025-05-26,MAXHEALTH_NS,0.0078818351030349,0.0
2025-05-26,MAZDOCK_NS,0.0070269671268761,-0.1038673371076583
2025-05-26,MCX_NS,0.006285673007369,0.2283785492181778
2025-05-26,MFSL_NS,0.00734294205904,0.079223558306694
2025-05-26,MOTHERSON_NS,0.0025896495208144,0.0041583385318517
2025-05-26,MOTILALOFS_NS,0.0071557629853487,0.0942429453134536
2025-05-26,MRF_NS,0.0051271463744342,-0.0786096975207328
2025-05-26,POLYCAB_NS,0.0066644777543842,0.0445703603327274
2025-05-26,JUBLFOOD_NS,0.0040311240591108,0.0618369802832603
2025-05-26,POWERINDIA_NS,0.0051731928251683,0.1669647544622421
2025-05-26,TCS_NS,0.0011991859646514,-0.0797545164823532
2025-05-26,TECHM_NS,-0.0023500374518334,0.0
2025-05-26,TIINDIA_NS,0.0018411773489788,-0.0756610929965972
2025-05-26,TITAN_NS,0.0074693262577056,-0.0119071993976831
2025-05-26,TMCV_NS,-0.0041840025223791,-0.000155301662744
2025-05-26,TMPV_NS,-0.0041840025223791,-0.000155301662744
2025-05-26,TORNTPHARM_NS,0.0056089493446052,0.0
2025-05-26,TRENT_NS,0.0058290073648095,0.104418508708477
2025-05-26,TVSMOTOR_NS,0.0066020600497722,0.0136217614635825
2025-05-26,ULTRACEMCO_NS,0.0051891170442104,0.00499450834468
2025-05-26,UNIONBANK_NS,0.0063669960945844,0.0091531435027718
2025-05-26,UNITDSPR_NS,0.0060031311586499,-0.0382616259157657
2025-05-26,UPL_NS,0.0018324648262932,0.0
2025-05-26,VBL_NS,0.0033235163427889,-0.0056052762083709
2025-05-26,VEDL_NS,0.0037975711748003,0.0278132930397987
2025-05-26,VMM_NS,0.0066265910863876,0.0605915188789367
2025-05-26,VOLTAS_NS,0.0083937421441078,0.0213763117790222
2025-05-26,WAAREEENER_NS,0.0055495616979897,0.0576210208237171
2025-05-26,WIPRO_NS,0.0072854235768318,0.0110084135085344
2025-05-26,YESBANK_NS,0.007566338405013,-0.0871397480368614
2025-05-26,ZYDUSLIFE_NS,0.0057762060314416,0.0552332587540149
2025-05-26,TATASTEEL_NS,0.0020596082322299,-0.0140480315312743
2025-05-26,TATAPOWER_NS,0.0069226454943418,0.0200683120638132
2025-05-26,TATAINVEST_NS,0.0053213723003864,0.0745441019535064
2025-05-26,TATAELXSI_NS,0.0003791503841057,-0.0610086135566234
2025-05-26,PREMIERENE_NS,0.0058530280366539,-0.0217531267553567
2025-05-26,PRESTIGE_NS,0.0046524703502655,0.1067370474338531
2025-05-26,RADICO_NS,0.006303509697318,0.1316525191068649
2025-05-26,RECLTD_NS,0.004673552699387,-0.0329032950103282
2025-05-26,RELIANCE_NS,-0.0003451280063018,0.0193369481712579
2025-05-26,RVNL_NS,0.0037545436061918,-0.0159355644136667
2025-05-26,SAIL_NS,0.0064152893610298,0.0343917161226272
2025-05-26,SBICARD_NS,0.0061098858714103,0.029390700161457
2025-05-26,SBILIFE_NS,0.0051982630975544,-0.0279918704181909
2025-05-26,SBIN_NS,0.006974003277719,-0.0360667183995246
2025-05-26,POWERGRID_NS,0.0033317459747195,-0.0123428404331207
2025-05-26,SHREECEM_NS,0.005057131871581,-0.0726786032319068
2025-05-26,SIEMENS_NS,0.0061638955958187,-0.0528796389698982
2025-05-26,SOLARINDS_NS,0.0073094349354505,0.0483942776918411
2025-05-26,SRF_NS,0.0047858580946922,0.0351843982934951
2025-05-26,SUNPHARMA_NS,0.0023674559779465,-0.0084853116422891
2025-05-26,SUPREMEIND_NS,0.0069900192320346,0.0830183029174804
2025-05-26,SUZLON_NS,0.0057114525698125,0.000155301662744
2025-05-26,SWIGGY_NS,0.0070963278412818,0.1979620605707168
2025-05-26,TATACAP_NS,-0.0041840025223791,-0.000155301662744
2025-05-26,TATACOMM_NS,0.0072524063289165,-0.0297635644674301
2025-05-26,TATACONSUM_NS,0.0025941748172044,0.0097335968166589
2025-05-26,SHRIRAMFIN_NS,0.0045912466011941,0.0046921148896217
2025-05-26,JSWSTEEL_NS,0.0041204513981938,-0.0132444249466061
2025-05-26,360ONE_NS,0.0062321713194251,0.1085650697350502
2025-05-26,JIOFIN_NS,0.006994642317295,0.0652700811624527
2025-05-26,BEL_NS,0.0074750296771526,0.0594696104526519
2025-05-26,BHARATFORG_NS,0.0042829546146094,0.0279774330556392
2025-05-26,BHARTIARTL_NS,0.0043307463638484,0.0278783161193132
2025-05-26,BHEL_NS,0.0074861701577901,-0.0324539989233017
2025-05-26,BIOCON_NS,0.0067123696208,0.0495994202792644
2025-05-26,BLUESTARCO_NS,0.0088463760912418,0.02457981929183
2025-05-26,BOSCHLTD_NS,0.0024828957393765,-0.0386523529887199
2025-05-26,BPCL_NS,0.0066981008276343,-0.0032757509034126
2025-05-26,BRITANNIA_NS,0.0049976804293692,0.053117636591196
2025-05-26,BSE_NS,0.0075904158875346,0.1158352643251419
2025-05-26,CANBK_NS,0.0076900161802768,0.0265835169702768
2025-05-26,CGPOWER_NS,0.0048155621625483,-0.0473050810396671
2025-05-26,CHOLAFIN_NS,0.0077858725562691,-0.0410930961370468
2025-05-26,CIPLA_NS,0.004711290821433,0.0123311458155512
2025-05-26,COALINDIA_NS,0.0062983105890452,-0.0007116161868907
2025-05-26,COCHINSHIP_NS,0.0092088058590888,0.1138022989034652
2025-05-26,COFORGE_NS,0.000290731084533,0.0500842221081256
2025-05-26,COLPAL_NS,0.0039098355919122,0.0127518633380532
2025-05-26,CONCOR_NS,0.0076975245028734,0.0250784736126661
2025-05-26,COROMANDEL_NS,0.0079673249274492,-0.0045822551473975
2025-05-26,CUMMINSIND_NS,0.0070315562188625,0.0923854410648346
2025-05-26,BDL_NS,0.0083814151585102,-0.0558184534311294
2025-05-26,DABUR_NS,0.005017542745918,0.025717593729496
2025-05-26,BANKINDIA_NS,0.0060410490259528,-0.0192295834422111
2025-05-26,BAJFINANCE_NS,0.0059900702908635,-0.019085593521595
2025-05-26,ABB_NS,0.0062544830143451,-0.023966871201992
2025-05-26,ABCAPITAL_NS,0.0078411810100078,0.1878275275230407
2025-05-26,ADANIENSOL_NS,0.003766456618905,-0.0064714690670371
2025-05-26,ADANIENT_NS,0.0069684335030615,-0.0163223594427108
2025-05-26,ADANIGREEN_NS,0.0073208007961511,0.0
2025-05-26,ADANIPORTS_NS,0.0067294891923666,0.0159394070506095
2025-05-26,ADANIPOWER_NS,0.0060331667773425,0.0033025636803358
2025-05-26,ALKEM_NS,0.0081949206069111,-0.0869894102215766
2025-05-26,AMBUJACEM_NS,0.0043271081522107,-0.00499450834468
2025-05-26,APLAPOLLO_NS,0.0074505787342786,-0.0132702086120843
2025-05-26,APOLLOHOSP_NS,0.0050537204369902,-0.0332368724048137
2025-05-26,ASHOKLEY_NS,0.0080353813245892,-0.0041583385318517
2025-05-26,ASIANPAINT_NS,0.0006459961878135,-0.0327986367046833
2025-05-26,ASTRAL_NS,0.0073588676750659,0.0
2025-05-26,ATGL_NS,0.0080187395215034,-0.057961456477642
2025-05-26,AUBANK_NS,0.0061926124617457,0.0986538678407669
2025-05-26,AUROPHARMA_NS,0.0040442901663482,-0.0670126229524612
2025-05-26,AXISBANK_NS,0.0064727491699159,-0.0323994308710098
2025-05-26,BAJAJFINSV_NS,0.0060117579996585,-0.0339107699692249
2025-05-26,BAJAJHLDNG_NS,0.0049735247157514,-0.0272420067340135
2025-05-26,BAJAJ_AUTO_NS,0.0071162059903144,-0.0422401502728462
2025-05-26,BANKBARODA_NS,-0.0005900667747482,-0.018880620598793
2025-05-26,DIVISLAB_NS,0.0065374327823519,-0.0256428718566894
2025-05-26,JSWENERGY_NS,0.0068891197443008,0.0285056456923484
2025-05-26,DLF_NS,0.0061751520261168,0.0114015405997633
2025-05-26,HINDUNILVR_NS,0.0063448646105825,-0.0092073073610663
2025-05-26,HINDZINC_NS,0.0060016657225787,0.0132444249466061
2025-05-26,HUDCO_NS,0.006146581377834,-0.0203356612473726
2025-05-26,HYUNDAI_NS,0.0061365901492536,0.0918629914522171
2025-05-26,ICICIAMC_NS,-0.0041840025223791,-0.000155301662744
2025-05-26,ICICIBANK_NS,0.0051387893036007,-0.0626319721341133
2025-05-26,ICICIGI_NS,0.0075160050764679,0.0279918704181909
2025-05-26,IDEA_NS,0.0063423323445022,-0.0278783161193132
2025-05-26,DIXON_NS,0.0023725470528006,-0.0274189617484807
2025-05-26,INDHOTEL_NS,0.0044357250444591,-0.0021866732276976
2025-05-26,INDIANB_NS,0.0080639384686946,0.0346409864723682
2025-05-26,INDIGO_NS,0.0059030470438301,0.03367555513978
2025-05-26,INDUSINDBK_NS,0.0034266980364918,0.001710929791443
2025-05-26,INDUSTOWER_NS,0.0042631011456251,0.0691867992281913
2025-05-26,INFY_NS,0.0044799214228987,-0.0315199866890907
2025-05-26,IOC_NS,0.0075446553528308,0.0030800607055425
2025-05-26,IRCTC_NS,0.0065984847024083,-0.0209934525191783
2025-05-26,IREDA_NS,0.0067285080440342,-0.0436097048223018
2025-05-26,IRFC_NS,0.004073875490576,-0.0237309969961643
2025-05-26,ITC_NS,0.0071559362113475,-0.0117723830044269
2025-05-26,JINDALSTEL_NS,0.0023242132738232,-0.0210040658712387
2025-05-26,HINDPETRO_NS,0.007272926159203,-0.0120981419458985
2025-05-26,HINDALCO_NS,0.002724056597799,0.0235167797654867
2025-05-26,IDFCFIRSTB_NS,0.0065166242420673,0.0406142063438892
2025-05-26,HDFCLIFE_NS,0.0079686921089887,-0.0483358167111873
2025-05-26,HEROMOTOCO_NS,0.0077406642958521,-0.0233266334980726
2025-05-26,DMART_NS,0.0019461108604446,0.038470558822155
2025-05-26,DRREDDY_NS,0.0055829440243542,0.0749589204788208
2025-05-26,EICHERMOT_NS,0.0050920532085001,0.0285917241126298
2025-05-26,ENRIN_NS,-0.0041840025223791,-0.0106674199923872
2025-05-26,ETERNAL_NS,0.006073098629713,0.1173141598701477
2025-05-26,EXIDEIND_NS,0.0062902420759201,-0.0135654537007212
2025-05-26,FORTIS_NS,0.0086391828954219,0.0572700500488281
2025-05-26,GAIL_NS,0.0066817379556596,-0.0322187319397926
2025-05-26,GLENMARK_NS,0.0068797692656517,0.1914048343896865
2025-05-26,GMRAIRPORT_NS,0.0044250469654798,-0.0202556643635034
2025-05-26,FEDERALBNK_NS,0.005909543018788,-0.001710929791443
2025-05-26,GODREJCP_NS,0.0060731871053576,-0.0535200461745262
2025-05-26,GODFRYPHLP_NS,0.0052501005120575,-0.0193673018366098
2025-05-26,HDFCAMC_NS,0.0065994691103696,0.0530785843729972
2025-05-26,HCLTECH_NS,-0.0008773900335654,-0.035371720790863
2025-05-26,HAVELLS_NS,0.0054384395480155,-0.0213763117790222
2025-05-26,HAL_NS,0.0080784000456333,-0.0487348400056362
2025-05-26,HDFCBANK_NS,0.0056825135834515,-0.0267122369259595
2025-05-26,GROWW_NS,-0.0041840025223791,-0.000155301662744
2025-05-26,GRASIM_NS,0.0050944611430168,0.0602524951100349
2025-05-26,GODREJPROP_NS,0.0067136730067431,-0.0114015405997633
2025-05-26,GVT_D_NS,0.0032754996791481,0.1623515188694
2025-06-24,OBEROIRLTY_NS,0.0077183796092867,-0.052070528268814
2025-06-24,M_M_NS,0.0070852134376764,0.0249411351978778
2025-06-24,NATIONALUM_NS,0.0077130757272243,0.0087076760828495
2025-06-24,NAUKRI_NS,0.0077961403876543,-0.0435750521719455
2025-06-24,NESTLEIND_NS,0.0041977581568062,0.0112435622140765
2025-06-24,NHPC_NS,0.0032123327255249,-0.026952913030982
2025-06-24,NMDC_NS,0.0024691745638847,0.0149842808023095
2025-06-24,NTPC_NS,0.0072402562946081,0.0
2025-06-24,NYKAA_NS,0.0058383219875395,0.0904132202267646
2025-06-24,OFSS_NS,0.0070513496175408,-0.0173504389822483
2025-06-24,PNB_NS,0.0032784761860966,0.0364851430058479
2025-06-24,ONGC_NS,0.007954035885632,-0.0101318350061774
2025-06-24,PAGEIND_NS,0.0042203906923532,0.0170895289629697
2025-06-24,PATANJALI_NS,0.0073153749108314,0.1531193405389785
2025-06-24,PAYTM_NS,0.0034838300198316,0.1685115396976471
2025-06-24,PERSISTENT_NS,0.0078445728868246,-0.0541693605482578
2025-06-24,PFC_NS,0.006308835465461,0.008573287166655
2025-06-24,PHOENIXLTD_NS,0.0083013270050287,-0.0327109843492507
2025-06-24,PIDILITIND_NS,0.003159524872899,-0.0643865019083023
2025-06-24,PIIND_NS,0.0087581388652324,-0.0674927160143852
2025-06-24,M_MFIN_NS,0.0055735912173986,-0.0356805697083473
2025-06-24,OIL_NS,0.0089709106832742,0.0
2025-06-24,MUTHOOTFIN_NS,0.0016888343961909,0.0426784716546535
2025-06-24,KALYANKJIL_NS,0.0006562318885698,0.1537894606590271
2025-06-24,MPHASIS_NS,0.008260391652584,0.0643724650144577
2025-06-24,POLICYBZR_NS,0.0086217140778899,-0.0491834990680217
2025-06-24,KEI_NS,0.0049872305244207,0.0103654814884066
2025-06-24,KOTAKBANK_NS,0.0066545545123517,-0.0302780382335186
2025-06-24,KPITTECH_NS,0.0088564818724989,0.0
2025-06-24,LAURUSLABS_NS,0.0052210008725523,0.1900165528059005
2025-06-24,LENSKART_NS,-0.0041153510101139,-0.0231079757213592
2025-06-24,LGEINDIA_NS,-0.0041153510101139,-0.0231079757213592
2025-06-24,LICHSGFIN_NS,0.0059597389772534,0.022806093096733
2025-06-24,LODHA_NS,0.0067245787940919,-0.0331155285239219
2025-06-24,LTF_NS,0.0080373268574476,0.0419583581387996
2025-06-24,MRF_NS,0.0009157230379059,0.0744112432003021
2025-06-24,LTM_NS,-0.0041153510101139,-0.0231079757213592
2025-06-24,LUPIN_NS,0.0057027591392397,-0.0210750121623277
2025-06-24,MANKIND_NS,0.0045408559963107,0.1032359227538108
2025-06-24,MARICO_NS,0.0048073721118271,-0.0049275578930974
2025-06-24,MARUTI_NS,0.0062868921086192,-0.0187816098332405
2025-06-24,MAXHEALTH_NS,0.007589528337121,-0.0034218931104987
2025-06-24,MAZDOCK_NS,0.0031327647157013,-0.0819932371377945
2025-06-24,MCX_NS,0.0075760651379823,0.0010082719381898
2025-06-24,MFSL_NS,0.006134801544249,-0.0478911474347114
2025-06-24,MOTHERSON_NS,0.0041850297711789,-0.0414387434720993
2025-06-24,MOTILALOFS_NS,0.0064122322946786,0.056080475449562
2025-06-24,LT_NS,0.0045260763727128,-0.0447024591267108
2025-06-24,POLYCAB_NS,0.005369272083044,0.1168133541941642
2025-06-24,TATACONSUM_NS,0.0039543863385915,-0.0705108791589737
2025-06-24,POWERINDIA_NS,0.0051353201270103,0.0054281954653561
2025-06-24,TECHM_NS,0.006739801261574,-0.0380948893725872
2025-06-24,TIINDIA_NS,0.0028534643352031,0.0128339510411024
2025-06-24,TITAN_NS,0.0015220312634482,-0.0198510810732841
2025-06-24,TMCV_NS,-0.0041153510101139,-0.0231079757213592
2025-06-24,TMPV_NS,-0.0041153510101139,-0.0231079757213592
2025-06-24,TORNTPHARM_NS,0.0065516890026628,0.0950990542769432
2025-06-24,TRENT_NS,0.0090651614591479,-0.1297696828842163
2025-06-24,TVSMOTOR_NS,0.007489314302802,-0.0322844348847866
2025-06-24,ULTRACEMCO_NS,0.0045359251089394,-0.023298043757677
2025-06-24,UNIONBANK_NS,0.0022327988408505,-0.032760452479124
2025-06-24,UNITDSPR_NS,-0.0013089407002553,-0.1014914289116859
2025-06-24,UPL_NS,0.007318970747292,0.0870662927627563
2025-06-24,VBL_NS,0.0068475669249892,0.0236721616238355
2025-06-24,VEDL_NS,0.0071421302855014,-0.012451778165996
2025-06-24,VMM_NS,0.0059815561398863,0.0346557609736919
2025-06-24,VOLTAS_NS,0.008497136645019,0.0808341279625892
2025-06-24,WAAREEENER_NS,0.0050376518629491,0.0476021207869052
2025-06-24,WIPRO_NS,0.0085431188344955,0.0112407160922884
2025-06-24,YESBANK_NS,-0.0005077117821201,-0.010725662112236
2025-06-24,ZYDUSLIFE_NS,0.0065223630517721,-0.0184252317994833
2025-06-24,JUBLFOOD_NS,0.0070289280265569,-0.059563223272562
2025-06-24,TCS_NS,0.0066816629841923,-0.0361561700701713
2025-06-24,TATASTEEL_NS,0.0032864543609321,0.0159625317901372
2025-06-24,TATAPOWER_NS,0.0059314179234206,-0.0288218092173337
2025-06-24,TATAINVEST_NS,0.0051586162298917,-0.0165928676724433
2025-06-24,PREMIERENE_NS,0.0037534404546022,0.0418037064373493
2025-06-24,PRESTIGE_NS,0.0078203324228525,0.0788359120488166
2025-06-24,RADICO_NS,0.0063092429190874,0.0
2025-06-24,RECLTD_NS,0.0055985408835113,-0.0010082719381898
2025-06-24,RELIANCE_NS,0.0072410963475704,-0.0350161679089069
2025-06-24,RVNL_NS,0.0030226306989789,-0.0738740935921669
2025-06-24,SAIL_NS,0.0028361519798636,-0.0037991069257259
2025-06-24,SBICARD_NS,0.0059112245216965,-0.0683576241135597
2025-06-24,SBILIFE_NS,0.0061603016220033,0.0055533619597554
2025-06-24,SBIN_NS,0.0035302937030792,0.0240373145788908
2025-06-24,POWERGRID_NS,0.0063800932839512,0.0065273707732558
2025-06-24,SHREECEM_NS,0.0015075231203809,0.0316535308957099
2025-06-24,SIEMENS_NS,0.0016415595309808,0.0295997429639101
2025-06-24,SOLARINDS_NS,0.0058711627498269,-0.1070233955979347
2025-06-24,SRF_NS,0.0048969574272632,0.0015530688688158
2025-06-24,SUNPHARMA_NS,0.0067832563072443,0.0
2025-06-24,SUPREMEIND_NS,0.007015558425337,-0.0440377779304981
2025-06-24,SUZLON_NS,0.0037915469147264,0.0012854088563472
2025-06-24,SWIGGY_NS,0.0058463299646973,0.0449556224048137
2025-06-24,TATACAP_NS,-0.0041153510101139,-0.0231079757213592
2025-06-24,TATACOMM_NS,0.00524682411924,0.0214652121067047
2025-06-24,TATAELXSI_NS,0.003741143271327,0.0199261903762817
2025-06-24,SHRIRAMFIN_NS,0.0074466783553361,-0.0331217609345912
2025-06-24,JSWSTEEL_NS,0.0077555328607559,-0.0053513529710471
2025-06-24,JSWENERGY_NS,0.0059818066656589,0.0168196205049753
2025-06-24,JIOFIN_NS,0.0053134430199861,0.0212716292589902
2025-06-24,BEL_NS,0.0057184556499123,-0.0098134772852063
2025-06-24,BHARATFORG_NS,0.0066484361886978,-0.0722822323441505
2025-06-24,BHARTIARTL_NS,0.0073865801095962,-0.0214652121067047
2025-06-24,BHEL_NS,0.0051485775038599,0.0006589340046048
2025-06-24,BIOCON_NS,0.0088804382830858,0.1137755736708641
2025-06-24,BLUESTARCO_NS,0.0116779897361993,0.1096561923623085
2025-06-24,BOSCHLTD_NS,0.0057645249180495,0.1670225709676742
2025-06-24,BPCL_NS,0.0063287490047514,0.0591823980212211
2025-06-24,BRITANNIA_NS,0.0075695421546697,-0.0108602186664938
2025-06-24,BSE_NS,0.003820102661848,-0.0900648906826973
2025-06-24,CANBK_NS,0.0021006199531257,-0.0329470820724964
2025-06-24,CGPOWER_NS,0.0053239911794662,0.035631276667118
2025-06-24,CHOLAFIN_NS,0.0047886939719319,-0.0313975252211093
2025-06-24,CIPLA_NS,0.0069901733659207,-0.0245237313210964
2025-06-24,COALINDIA_NS,0.0049757380038499,-0.0437854677438735
2025-06-24,COCHINSHIP_NS,0.0073237195611,-0.1114398092031478
2025-06-24,COFORGE_NS,0.007013929542154,0.0181778762489557
2025-06-24,COLPAL_NS,0.0057293539866805,-0.0881956741213798
2025-06-24,CONCOR_NS,0.0019029370741918,0.0109411980956792
2025-06-24,COROMANDEL_NS,0.0042756684124469,-0.0438505411148071
2025-06-24,CUMMINSIND_NS,0.005114721134305,0.1322749406099319
2025-06-24,BANKINDIA_NS,0.0028575509786605,-0.0250702574849128
2025-06-24,DABUR_NS,0.0039580124430358,0.0594418384134769
2025-06-24,BANKBARODA_NS,0.003596837632358,0.0146211208775639
2025-06-24,BAJAJ_AUTO_NS,0.0057957004755735,-0.0207233317196369
2025-06-24,360ONE_NS,0.0092948339879512,-0.0244478080421686
2025-06-24,ABB_NS,0.0044664833694696,-0.0150495572015643
2025-06-24,ABCAPITAL_NS,0.0088319666683673,-0.0141108408570289
2025-06-24,ADANIENSOL_NS,0.0049820309504866,-0.025814751163125
2025-06-24,ADANIENT_NS,0.0051281480118632,0.0194366332143545
2025-06-24,ADANIGREEN_NS,0.0030163181945681,0.0071845739148557
2025-06-24,ADANIPORTS_NS,-0.0017930952599272,0.0114006819203495
2025-06-24,ADANIPOWER_NS,0.0056448034010827,0.0352318733930587
2025-06-24,ALKEM_NS,0.0036778002977371,0.0178144387900829
2025-06-24,AMBUJACEM_NS,0.0028340928256511,0.023298043757677
2025-06-24,APLAPOLLO_NS,-0.0015341629041358,-0.099931001663208
2025-06-24,APOLLOHOSP_NS,0.0076442789286375,0.0
2025-06-24,ASHOKLEY_NS,0.0056290049105882,0.0143225640058517
2025-06-24,ASIANPAINT_NS,0.0073130903765559,0.0
2025-06-24,ASTRAL_NS,0.0068630473688244,0.0
2025-06-24,ATGL_NS,-0.0009617645991966,0.0084379259496927
2025-06-24,AUBANK_NS,0.007527969777584,-0.0892194882035255
2025-06-24,AUROPHARMA_NS,0.0038792784325778,-0.0038425188977271
2025-06-24,AXISBANK_NS,0.0068169618025422,-0.1065296158194542
2025-06-24,BAJAJFINSV_NS,0.0066263088956475,0.0211846828460693
2025-06-24,BAJAJHLDNG_NS,0.0069985636509954,0.0118505107238888
2025-06-24,BAJFINANCE_NS,0.006611649878323,0.0504654198884964
2025-06-24,DIVISLAB_NS,0.0063372822478413,-0.0024868610780686
2025-06-24,BDL_NS,0.0042417617514729,-0.0482854396104812
2025-06-24,DLF_NS,0.0060737840831279,0.0553776659071445
2025-06-24,HINDPETRO_NS,0.0039584324695169,0.0504351928830146
2025-06-24,HINDUNILVR_NS,0.0038544978015124,0.0505717657506465
2025-06-24,HINDZINC_NS,0.0015936476411297,-0.0254273563623428
2025-06-24,HUDCO_NS,0.0019079690100625,-0.0592123605310916
2025-06-24,HYUNDAI_NS,0.0080601312220096,-0.0012854088563472
2025-06-24,ICICIAMC_NS,-0.0041153510101139,-0.0231079757213592
2025-06-24,ICICIBANK_NS,0.0044516432099044,0.0370817705988884
2025-06-24,ICICIGI_NS,0.0082615949213504,-0.0015907372580841
2025-06-24,IDEA_NS,0.005601355805993,0.0514736883342266
2025-06-24,IDFCFIRSTB_NS,0.0070196026936173,0.0054509579204022
2025-06-24,HINDALCO_NS,0.0077349077910184,0.0037991069257259
2025-06-24,INDHOTEL_NS,0.0065880487672984,-0.0170895289629697
2025-06-24,INDIGO_NS,0.0048437980003654,0.0274091083556413
2025-06-24,INDUSINDBK_NS,0.0068793073296546,0.0156017858535051
2025-06-24,INDUSTOWER_NS,0.007217738777399,-0.0589464493095874
2025-06-24,INFY_NS,0.0085737602785229,0.0203063990920782
2025-06-24,IOC_NS,0.0047678491100668,0.0476634614169597
2025-06-24,IRCTC_NS,0.0049758381210267,-0.0109411980956792
2025-06-24,IREDA_NS,0.0026278682053089,-0.0804468840360641
2025-06-24,IRFC_NS,0.002327658701688,-0.0320876017212867
2025-06-24,ITC_NS,0.0055030961520969,-0.0274968557059764
2025-06-24,DIXON_NS,0.0053387847729027,0.1249363049864769
2025-06-24,INDIANB_NS,0.0077542765066027,-0.0054509579204022
2025-06-24,HEROMOTOCO_NS,0.0063938968814909,-0.0035985927097499
2025-06-24,JINDALSTEL_NS,0.0012168135726824,0.0216612052172422
2025-06-24,FEDERALBNK_NS,0.0071257818490266,0.0097991889342665
2025-06-24,DMART_NS,0.0078404787927865,-0.057100523263216
2025-06-24,DRREDDY_NS,0.0062002371996641,-0.078995294868946
2025-06-24,EICHERMOT_NS,0.0077568497508764,-0.053926657885313
2025-06-24,ENRIN_NS,-0.0952456295490264,0.0834121033549308
2025-06-24,ETERNAL_NS,0.0064697903580963,0.1459465026855468
2025-06-24,EXIDEIND_NS,0.0037738350220024,0.0035985927097499
2025-06-24,HDFCLIFE_NS,0.0061675859615206,0.0015907372580841
2025-06-24,FORTIS_NS,0.0076101822778582,0.0222822651267051
2025-06-24,GAIL_NS,0.0030334400944411,-0.0119518367573618
2025-06-24,GMRAIRPORT_NS,0.0039615733548998,0.0829038172960281
2025-06-24,GLENMARK_NS,0.0040872287936508,0.2238816171884536
2025-06-24,GODREJCP_NS,0.0027186311781406,0.0198544468730688
2025-06-24,GODREJPROP_NS,0.0078044608235359,0.0327109843492507
2025-06-24,GRASIM_NS,0.0038992837071418,-0.1156988367438316
2025-06-24,GROWW_NS,-0.0041153510101139,-0.0231079757213592
2025-06-24,GVT_D_NS,0.0054868580773472,0.0015496228588744
2025-06-24,HAL_NS,0.006244792137295,-0.0006589340046048
2025-06-24,HAVELLS_NS,0.0049335788935422,0.0345173887908458
2025-06-24,HCLTECH_NS,0.0084353256970644,-0.0680475458502769
2025-06-24,HDFCAMC_NS,0.0070273531600832,0.0960353761911392
2025-06-24,HDFCBANK_NS,0.0070700081996619,0.0355471782386302
2025-06-24,GODFRYPHLP_NS,0.0044511370360851,0.1216295361518859
2025-07-23,OBEROIRLTY_NS,0.0018250645371153,0.0027080059517174
2025-07-23,M_M_NS,0.0068042413331568,-0.0040675890631973
2025-07-23,NATIONALUM_NS,0.0073710950091481,-0.0222270544618368
2025-07-23,NAUKRI_NS,0.0047043375670909,-0.0636663436889648
2025-07-23,NESTLEIND_NS,0.0056275897659361,-0.0591514036059379
2025-07-23,NHPC_NS,0.0056998254731297,-0.0201460495591163
2025-07-23,NMDC_NS,0.0067812707275152,-9.797744860406964e-05
2025-07-23,NTPC_NS,0.0073245279490947,0.0251013282686471
2025-07-23,NYKAA_NS,0.0062719630077481,0.0039680898189544
2025-07-23,OFSS_NS,0.0030580176971852,0.0245812684297561
2025-07-23,PNB_NS,0.0050459085032343,-0.0146851129829883
2025-07-23,ONGC_NS,0.0074729323387146,0.0250512100756168
2025-07-23,PAGEIND_NS,0.0009384012082591,-0.0584302991628646
2025-07-23,PATANJALI_NS,0.0063428292050957,-0.0778133496642112
2025-07-23,PAYTM_NS,0.0065307854674756,0.1419040411710739
2025-07-23,PERSISTENT_NS,-0.0002366196131333,-0.0007118222420103
2025-07-23,PFC_NS,0.005952201783657,0.0024152570404112
2025-07-23,PHOENIXLTD_NS,0.0052813650108873,0.1491134166717529
2025-07-23,PIDILITIND_NS,0.0019775568507611,0.0711569935083389
2025-07-23,PIIND_NS,0.0035068821161985,-0.0351856350898742
2025-07-23,M_MFIN_NS,0.0073215654119849,0.014554020948708
2025-07-23,OIL_NS,0.0059428643435239,-0.0385901294648647
2025-07-23,MUTHOOTFIN_NS,0.0061251912266016,0.0371309407055377
2025-07-23,KALYANKJIL_NS,0.0018722164677456,-0.2038613259792328
2025-07-23,MPHASIS_NS,0.0053981970995664,0.0825793147087097
2025-07-23,POLICYBZR_NS,0.0051752114668488,0.0485102757811546
2025-07-23,KEI_NS,0.0064668776467442,-0.0039116325788199
2025-07-23,KOTAKBANK_NS,0.0060653551481664,-0.0601375550031662
2025-07-23,KPITTECH_NS,0.0042560128495097,-0.0154598578810691
2025-07-23,LAURUSLABS_NS,0.0048847687430679,0.0426282212138175
2025-07-23,LENSKART_NS,-0.004143489524722,0.0
2025-07-23,LGEINDIA_NS,-0.004143489524722,0.0
2025-07-23,LICHSGFIN_NS,0.0073602944612503,-0.0368990115821361
2025-07-23,LODHA_NS,0.00551443034783,0.0140811018645763
2025-07-23,LTF_NS,0.0060241031460464,0.042141918092966
2025-07-23,MRF_NS,0.0052560283802449,-0.0605084262788295
2025-07-23,LTM_NS,-0.004143489524722,0.0
2025-07-23,LUPIN_NS,0.0062770079821348,0.01010930724442
2025-07-23,MANKIND_NS,0.0026758653111755,-0.0205310750752687
2025-07-23,MARICO_NS,0.0035825069062411,0.0177222285419702
2025-07-23,MARUTI_NS,0.0062014297582209,0.0943060517311096
2025-07-23,MAXHEALTH_NS,0.0042503210715949,-0.0897198393940925
2025-07-23,MAZDOCK_NS,0.0001252047950401,-0.067384734749794
2025-07-23,MCX_NS,0.0010862454073503,0.0072662006132304
2025-07-23,MFSL_NS,-0.0023401835933327,0.096473328769207
2025-07-23,MOTHERSON_NS,0.0038211718201637,-0.0821435377001762
2025-07-23,MOTILALOFS_NS,0.006740815937519,-0.0021499190479516
2025-07-23,LT_NS,0.0009999448666349,0.0843200460076332
2025-07-23,POLYCAB_NS,0.004717786796391,0.041450411081314
2025-07-23,TATACONSUM_NS,0.0053032296709716,0.0139239309355616
2025-07-23,POWERINDIA_NS,0.0047882962971925,0.0005415184423327
2025-07-23,TECHM_NS,-7.616705261170864e-06,0.0151287876069545
2025-07-23,TIINDIA_NS,0.0056073195300996,-0.0039800736121833
2025-07-23,TITAN_NS,-0.0015368213644251,0.0180733501911163
2025-07-23,TMCV_NS,-0.004143489524722,0.0
2025-07-23,TMPV_NS,-0.004143489524722,0.0
2025-07-23,TORNTPHARM_NS,0.0073217172175645,0.0124407429248094
2025-07-23,TRENT_NS,0.0003178917104378,-0.0131695857271552
2025-07-23,TVSMOTOR_NS,0.004148974083364,0.1174351200461387
2025-07-23,ULTRACEMCO_NS,0.0049965209327638,0.0458327233791351
2025-07-23,UNIONBANK_NS,0.0034469277597963,-0.0003396319807507
2025-07-23,UNITDSPR_NS,0.0097055938094854,-0.0094011165201663
2025-07-23,UPL_NS,0.0069911465980112,0.0
2025-07-23,VBL_NS,0.007172929123044,0.0523155778646469
2025-07-23,VEDL_NS,0.0054515204392373,9.797744860406964e-05
2025-07-23,VMM_NS,0.0076241763308644,0.0668287426233291
2025-07-23,VOLTAS_NS,0.0073602311313152,4.510185681283474e-05
2025-07-23,WAAREEENER_NS,0.0068488451652228,-9.399563714396209e-05
2025-07-23,WIPRO_NS,0.0022983695380389,0.0118277678266167
2025-07-23,YESBANK_NS,0.0067312312312424,-0.0033021457493305
2025-07-23,ZYDUSLIFE_NS,0.0024083713069558,0.0149979079142212
2025-07-23,JUBLFOOD_NS,0.0042450265027582,-0.0864190086722374
2025-07-23,TCS_NS,1.6867415979504583e-06,0.0022488411050289
2025-07-23,TATASTEEL_NS,0.0046838298439979,-0.000832678109873
2025-07-23,TATAPOWER_NS,0.0063763963989913,0.0
2025-07-23,TATAINVEST_NS,0.0049941334873437,0.0204521045088768
2025-07-23,PREMIERENE_NS,0.0049055283889174,-0.0772804245352745
2025-07-23,PRESTIGE_NS,0.0050684316083788,-0.0027080059517174
2025-07-23,RADICO_NS,0.0072933621704578,0.040745310485363
2025-07-23,RECLTD_NS,0.0072243269532918,-0.0038620268460363
2025-07-23,RELIANCE_NS,-0.0038014762103557,0.0566090159118175
2025-07-23,RVNL_NS,0.0041122147813439,-0.0852758660912513
2025-07-23,SAIL_NS,0.0064342101104557,-0.074835330247879
2025-07-23,SBICARD_NS,0.0040940479375422,-0.0936252698302269
2025-07-23,SBILIFE_NS,0.0044690198265016,0.0202778074890375
2025-07-23,SBIN_NS,0.0064503471367061,0.02297318354249
2025-07-23,POWERGRID_NS,0.0067701619118452,-0.0073875044472515
2025-07-23,SHREECEM_NS,-0.0038499841466546,-0.0458327233791351
2025-07-23,SIEMENS_NS,0.0034243529662489,0.0201612636446952
2025-07-23,SOLARINDS_NS,-0.006499140523374,0.0119110532104969
2025-07-23,SRF_NS,0.0038484609685838,-0.0738250315189361
2025-07-23,SUNPHARMA_NS,0.0073654325678944,-0.0484094321727752
2025-07-23,SUPREMEIND_NS,0.001641692710109,0.1257701814174652
2025-07-23,SUZLON_NS,0.0063495254144072,-0.1201540678739547
2025-07-23,SWIGGY_NS,0.0062972595915198,0.0217348076403141
2025-07-23,TATACAP_NS,-0.004143489524722,0.0
2025-07-23,TATACOMM_NS,0.0058365492150187,-0.0128098726272583
2025-07-23,TATAELXSI_NS,0.0041495910845696,-0.0687648206949234
2025-07-23,SHRIRAMFIN_NS,0.004796864464879,-0.0195489209145307
2025-07-23,JSWSTEEL_NS,0.0071665113791823,0.0453556329011917
2025-07-23,JSWENERGY_NS,0.0073139145970344,0.0125618837773799
2025-07-23,JIOFIN_NS,0.0024625686928629,0.0209272392094135
2025-07-23,BEL_NS,0.001167534966953,-0.0524910017848014
2025-07-23,BHARATFORG_NS,0.0013157433131709,-0.1301773786544799
2025-07-23,BHARTIARTL_NS,-0.0015399305848404,0.0637657269835472
2025-07-23,BHEL_NS,0.0035216663964092,-0.1263221949338913
2025-07-23,BIOCON_NS,0.0082689952105283,-0.1230180785059928
2025-07-23,BLUESTARCO_NS,0.0060948985628783,0.103797011077404
2025-07-23,BOSCHLTD_NS,0.0061905360780656,0.0039800736121833
2025-07-23,BPCL_NS,0.0055048200301826,-0.006346030626446
2025-07-23,BRITANNIA_NS,0.0048115653917193,-0.0239821448922157
2025-07-23,BSE_NS,0.0009796746307983,-0.0512121580541133
2025-07-23,CANBK_NS,0.0022384501062333,0.0479153580963611
2025-07-23,CGPOWER_NS,0.0071333162486553,0.0060808355920016
2025-07-23,CHOLAFIN_NS,0.0063482881523668,0.0203027687966823
2025-07-23,CIPLA_NS,0.0052544246427714,0.0539310872554779
2025-07-23,COALINDIA_NS,0.0066222301684319,0.0283611416816711
2025-07-23,COCHINSHIP_NS,0.0018336965003982,-0.0818240046501159
2025-07-23,COFORGE_NS,0.0021527544595301,-0.0120390551164746
2025-07-23,COLPAL_NS,0.0063784229569137,0.0
2025-07-23,CONCOR_NS,0.0064666452817618,-0.0503482185304164
2025-07-23,COROMANDEL_NS,0.0065771583467721,0.0385819673538208
2025-07-23,CUMMINSIND_NS,0.0072291288524866,0.090222030878067
2025-07-23,BDL_NS,-0.0026369211263954,-0.1051593273878097
2025-07-23,DABUR_NS,0.0015646714018657,-0.002028924645856
2025-07-23,BANKINDIA_NS,0.0046029491350054,0.0478522069752216
2025-07-23,BAJFINANCE_NS,0.0070069343782961,-0.0386455953121185
2025-07-23,ABB_NS,0.0006765710422769,-0.1078940331935882
2025-07-23,ABCAPITAL_NS,0.0033426033332943,0.1046229973435401
2025-07-23,ADANIENSOL_NS,0.0050504151731729,-0.0328367725014686
2025-07-23,ADANIENT_NS,0.0057664117775857,-0.1173958927392959
2025-07-23,ADANIGREEN_NS,0.0058944318443536,-0.0341864749789238
2025-07-23,ADANIPORTS_NS,0.0036791958846151,-0.0046625747345387
2025-07-23,ADANIPOWER_NS,0.0043925647623836,0.0519374683499336
2025-07-23,ALKEM_NS,0.007478654384613,0.0644782036542892
2025-07-23,AMBUJACEM_NS,0.0015678984345868,-0.0501357875764369
2025-07-23,APLAPOLLO_NS,0.0051621329039335,0.0110148228704929
2025-07-23,APOLLOHOSP_NS,0.0049105081707239,0.0
2025-07-23,ASHOKLEY_NS,0.0030880542472004,0.0073121986351907
2025-07-23,ASIANPAINT_NS,0.0003237054916098,0.0680225864052772
2025-07-23,ASTRAL_NS,0.0056290477514266,0.0
2025-07-23,ATGL_NS,0.0048075779341161,-0.0541140437126159
2025-07-23,AUBANK_NS,-0.0090673817321658,0.0355172306299209
2025-07-23,AUROPHARMA_NS,0.0035642669536173,-0.0820087268948555
2025-07-23,AXISBANK_NS,-0.002249015495181,-0.0028156859334558
2025-07-23,BAJAJFINSV_NS,0.0075271278619766,-0.0063670566305518
2025-07-23,BAJAJHLDNG_NS,0.0057903570123016,0.0095220133662223
2025-07-23,BAJAJ_AUTO_NS,0.0043571782298386,0.0330894254148006
2025-07-23,BANKBARODA_NS,0.0061841099523007,0.0165965240448713
2025-07-23,DIVISLAB_NS,0.003028648905456,-0.0977507904171943
2025-07-23,360ONE_NS,0.0028600147925317,-0.0024152570404112
2025-07-23,DLF_NS,0.0048652882687747,-0.0246975850313901
2025-07-23,HINDUNILVR_NS,0.0028473064303398,0.0645870268344879
2025-07-23,HINDZINC_NS,0.0054778815247118,-0.0249336585402488
2025-07-23,HUDCO_NS,0.0046132989227771,-0.0557627528905868
2025-07-23,HYUNDAI_NS,0.0052333557978272,0.1210459321737289
2025-07-23,ICICIAMC_NS,-0.004143489524722,0.0
2025-07-23,ICICIBANK_NS,0.0065575358457863,0.0003396319807507
2025-07-23,ICICIGI_NS,0.0014017998473718,-0.0202778074890375
2025-07-23,IDEA_NS,0.0027927616611123,0.0128098726272583
2025-07-23,DIXON_NS,0.0043346709571778,-0.0039680898189544
2025-07-23,INDHOTEL_NS,0.0065499972552061,0.0205344557762146
2025-07-23,INDIANB_NS,0.0054972250945866,0.0992087945342063
2025-07-23,INDIGO_NS,0.0046624494716525,0.0333179645240306
2025-07-23,INDUSINDBK_NS,0.0072255153208971,-0.0847891941666603
2025-07-23,INDUSTOWER_NS,0.002526014111936,-0.0672971159219741
2025-07-23,INFY_NS,0.0042435559444129,-0.0144461328163743
2025-07-23,IOC_NS,0.0048443577252328,0.0
2025-07-23,IRCTC_NS,0.0042096143588423,0.0046625747345387
2025-07-23,IREDA_NS,0.0031145699322223,-0.0619799233973026
2025-07-23,IRFC_NS,0.0015064330073073,-0.0353779457509517
2025-07-23,ITC_NS,0.0070936796255409,-0.0470601245760917
2025-07-23,JINDALSTEL_NS,0.0044539445079863,0.0475227981805801
2025-07-23,HINDPETRO_NS,0.002018469851464,-0.0167629402130842
2025-07-23,HINDALCO_NS,0.0041372240521013,0.0453173592686653
2025-07-23,IDFCFIRSTB_NS,0.0022362526506185,-0.0140787633135914
2025-07-23,HDFCLIFE_NS,0.0002825796836987,0.0271365735679864
2025-07-23,HEROMOTOCO_NS,0.0068362141028046,0.1064031198620796
2025-07-23,DRREDDY_NS,0.0012406880268827,0.0
2025-07-23,EICHERMOT_NS,0.0014989423798397,0.0536227151751518
2025-07-23,ENRIN_NS,-0.0782463923096656,0.1139595881104469
2025-07-23,ETERNAL_NS,0.0076669473201036,0.0549120269715786
2025-07-23,EXIDEIND_NS,0.0066287708468735,-0.0333854705095291
2025-07-23,FEDERALBNK_NS,0.0059687090106308,-0.0461673736572265
2025-07-23,FORTIS_NS,0.0067921485751867,0.0541865862905979
2025-07-23,GAIL_NS,0.0036503816954791,0.0164772421121597
2025-07-23,GLENMARK_NS,0.006525841075927,-0.1228716224431991
2025-07-23,GMRAIRPORT_NS,0.0019757924601435,0.032763410359621
2025-07-23,DMART_NS,8.559518028050661e-05,0.1259786337614059
2025-07-23,GODREJCP_NS,0.0035466477274894,0.0179085601121187
2025-07-23,GODREJPROP_NS,0.0036839246749877,-0.0570123195648193
2025-07-23,GRASIM_NS,0.0038856719620525,0.0636769905686378
2025-07-23,GROWW_NS,-0.004143489524722,0.0
2025-07-23,GVT_D_NS,0.0056120376102626,0.1042271256446838
2025-07-23,HAL_NS,0.0023039039224386,-0.0388663224875927
2025-07-23,HAVELLS_NS,0.0068125864490866,-4.510185681283474e-05
2025-07-23,HCLTECH_NS,-0.0059525081887841,0.0
2025-07-23,HDFCAMC_NS,0.0080749429762363,0.0807173252105712
2025-07-23,HDFCBANK_NS,0.0056848204694688,0.0008993437513709
2025-07-23,GODFRYPHLP_NS,0.0068107084371149,0.1240362599492073
2025-08-22,OBEROIRLTY_NS,0.0048450068570673,0.0046573998406529
2025-08-22,NATIONALUM_NS,0.0059953886084258,0.032726377248764
2025-08-22,NAUKRI_NS,0.0058031659573316,0.0026887778658419
2025-08-22,NESTLEIND_NS,0.002033625729382,0.0
2025-08-22,NHPC_NS,0.0057851448655128,0.0197642389684915
2025-08-22,NMDC_NS,0.0068034878931939,0.0276664029806852
2025-08-22,M_M_NS,0.006804300006479,-0.0118626728653907
2025-08-22,NTPC_NS,0.0054957191459834,-0.0232988465577363
2025-08-22,NYKAA_NS,0.0059004984796047,0.0937798395752906
2025-08-22,OFSS_NS,0.0073490720242261,0.0584756135940551
2025-08-22,PERSISTENT_NS,0.0068106288090348,-0.0199139863252639
2025-08-22,ONGC_NS,0.0044098766520619,-0.0036018448881804
2025-08-22,PAGEIND_NS,0.0039674094878137,-0.0264803636819124
2025-08-22,PATANJALI_NS,0.0006841836730018,-0.004609702154994
2025-08-22,PAYTM_NS,0.0078086480498313,-0.0311879161745309
2025-08-22,PFC_NS,0.0060011222958564,0.0125540168955922
2025-08-22,PHOENIXLTD_NS,0.0070582064799964,0.0313579775393009
2025-08-22,PIDILITIND_NS,0.0027483613230288,0.0
2025-08-22,PIIND_NS,-0.0029205926693975,-0.0281015187501907
2025-08-22,PNB_NS,0.004478748422116,0.0364777110517025
2025-08-22,M_MFIN_NS,0.0066103432327508,0.0656871274113655
2025-08-22,OIL_NS,0.0016625897260382,-0.0185948014259338
2025-08-22,MUTHOOTFIN_NS,0.0011874191695824,0.1130736693739891
2025-08-22,POLICYBZR_NS,0.0067111458629369,-0.0659548789262771
2025-08-22,MPHASIS_NS,0.0022144401445984,-0.024897776544094
2025-08-22,KALYANKJIL_NS,-0.0045523191802203,0.0092777581885457
2025-08-22,KEI_NS,0.0057126465253531,0.0509434901177883
2025-08-22,KOTAKBANK_NS,0.0023466320708394,-0.0076971617527306
2025-08-22,KPITTECH_NS,0.0067521128803491,0.0477300249040126
2025-08-22,LAURUSLABS_NS,0.0024314448237419,0.018376300111413
2025-08-22,LENSKART_NS,-0.004174917936325,-0.0068987342528998
2025-08-22,LGEINDIA_NS,-0.004174917936325,-0.0068987342528998
2025-08-22,LICHSGFIN_NS,0.0047135241329669,0.0137714929878711
2025-08-22,LODHA_NS,0.0005903762066736,-0.0456115901470184
2025-08-22,LTF_NS,0.0053509422577917,0.094272531569004
2025-08-22,MRF_NS,0.0009895135881379,-0.0166093930602073
2025-08-22,LTM_NS,-0.004174917936325,-0.0068987342528998
2025-08-22,LUPIN_NS,0.005251383408904,0.0
2025-08-22,MANKIND_NS,0.0024523283354938,-0.0326624847948551
2025-08-22,MARICO_NS,0.0048409732989966,-0.0391062647104263
2025-08-22,MARUTI_NS,0.0070695094764232,0.042766161262989
2025-08-22,MAXHEALTH_NS,0.0050279675051569,-0.0344309322535991
2025-08-22,MAZDOCK_NS,0.0068560624495148,0.0378347635269165
2025-08-22,MCX_NS,0.0054761175997555,-0.0097485082224011
2025-08-22,MFSL_NS,0.0015901719452813,-0.0531962923705577
2025-08-22,MOTHERSON_NS,0.0044051995500922,0.0914667025208473
2025-08-22,MOTILALOFS_NS,0.0061720716767013,0.023936454206705
2025-08-22,LT_NS,0.002572912722826,0.0030782993417233
2025-08-22,ZYDUSLIFE_NS,0.0053318832069635,0.0389119088649749
2025-08-22,JUBLFOOD_NS,0.0073874462395906,0.0345971696078777
2025-08-22,POWERGRID_NS,0.004791940562427,-0.0326606705784797
2025-08-22,TATASTEEL_NS,0.0050878669135272,0.0093511901795864
2025-08-22,TCS_NS,0.0104153761640191,0.0070574921555817
2025-08-22,TECHM_NS,0.0048969658091664,-0.0179281178861856
2025-08-22,TIINDIA_NS,0.0068469680845737,0.0002832718018908
2025-08-22,TITAN_NS,0.0071715852245688,-0.012949283234775
2025-08-22,TMCV_NS,-0.004174917936325,-0.0068987342528998
2025-08-22,TMPV_NS,-0.004174917936325,-0.0068987342528998
2025-08-22,TORNTPHARM_NS,0.0052394913509488,-0.0254384987056255
2025-08-22,TRENT_NS,0.0061570517718791,-0.0637678876519203
2025-08-22,TVSMOTOR_NS,0.0053889104165136,-0.0080862957984209
2025-08-22,ULTRACEMCO_NS,0.0061409715563058,-0.0113973459228873
2025-08-22,UNIONBANK_NS,0.0050195320509374,0.0015848336042836
2025-08-22,UNITDSPR_NS,0.0098346564918756,0.003742391243577
2025-08-22,UPL_NS,0.0029035252518951,-0.0205307193100452
2025-08-22,VBL_NS,0.0061362017877399,-0.1240269690752029
2025-08-22,VEDL_NS,0.0062821279279887,-0.0146331852301955
2025-08-22,VMM_NS,0.0073112631216645,-0.0117555065080523
2025-08-22,VOLTAS_NS,-0.001059464062564,-0.0336428135633468
2025-08-22,WAAREEENER_NS,0.0053425240330398,0.0675653517246246
2025-08-22,WIPRO_NS,0.0058382027782499,0.0082845091819763
2025-08-22,YESBANK_NS,0.0049369637854397,0.0653977990150451
2025-08-22,TATAPOWER_NS,0.004364316817373,-0.0256692618131637
2025-08-22,TATAINVEST_NS,0.0076578576117753,0.1558804512023925
2025-08-22,TATAELXSI_NS,0.0038426741957664,0.0
2025-08-22,TATACONSUM_NS,0.0071397414430975,0.0354206822812557
2025-08-22,POWERINDIA_NS,0.0062282541766762,-0.0521856099367141
2025-08-22,PREMIERENE_NS,0.0048695015721023,-0.0026887778658419
2025-08-22,PRESTIGE_NS,0.0042405822314321,-0.0183158572763204
2025-08-22,RADICO_NS,0.0084168035537004,0.0182647872716188
2025-08-22,RECLTD_NS,0.006307715550065,0.0095624569803476
2025-08-22,RELIANCE_NS,0.0056963223032653,-0.0242711193859577
2025-08-22,RVNL_NS,0.009516978636384,0.0854810550808906
2025-08-22,SAIL_NS,0.0026471428573131,0.0516313947737216
2025-08-22,SBICARD_NS,0.0064820274710655,0.0712803825736045
2025-08-22,SBILIFE_NS,0.0073004635050892,-0.0085663395002484
2025-08-22,POLYCAB_NS,0.0061597907915711,0.0226609054952859
2025-08-22,SBIN_NS,0.005356625188142,0.0264721792191267
2025-08-22,SHRIRAMFIN_NS,0.0067181712947785,0.001247767242603
2025-08-22,SIEMENS_NS,0.0074182655662298,-0.0269940383732318
2025-08-22,SOLARINDS_NS,0.0052850414067506,-0.0913156196475029
2025-08-22,SRF_NS,0.0044938586652278,0.0308975726366043
2025-08-22,SUNPHARMA_NS,0.0020208689384162,-0.022701958194375
2025-08-22,SUPREMEIND_NS,0.0062523540109395,-0.1174777746200561
2025-08-22,SUZLON_NS,0.0022621066309511,-0.0028052325360476
2025-08-22,SWIGGY_NS,0.0062903389334678,0.0416800081729888
2025-08-22,TATACAP_NS,-0.004174917936325,-0.0068987342528998
2025-08-22,TATACOMM_NS,0.0012771530309692,0.0077970372512936
2025-08-22,SHREECEM_NS,0.0054119718261063,-0.0035423159133642
2025-08-22,JSWSTEEL_NS,0.0082547077909111,-0.0030829785391688
2025-08-22,DIXON_NS,0.0024393224157392,0.109675645828247
2025-08-22,JIOFIN_NS,0.0052286610007286,-0.032328575849533
2025-08-22,BDL_NS,0.0084567666053771,0.0024479085113853
2025-08-22,BEL_NS,0.0050166966393589,0.0280519817024469
2025-08-22,BHARATFORG_NS,0.0074382349848747,0.0357531085610389
2025-08-22,BHARTIARTL_NS,0.0046600676141679,-0.0205838643014431
2025-08-22,BHEL_NS,0.0054968427866697,0.0401851162314415
2025-08-22,BIOCON_NS,-0.0033654756844043,-0.016224605962634
2025-08-22,BLUESTARCO_NS,0.0054353042505681,-0.0252922363579273
2025-08-22,BOSCHLTD_NS,0.0027605514042079,-0.0705349743366241
2025-08-22,BPCL_NS,0.0026006959378719,0.0327299199998378
2025-08-22,BRITANNIA_NS,0.0031590997241437,0.0629932284355163
2025-08-22,BSE_NS,0.0066843815147876,-0.1141779944300651
2025-08-22,CANBK_NS,0.005330107640475,0.065367504954338
2025-08-22,CGPOWER_NS,0.0069835865870118,0.0810385718941688
2025-08-22,CHOLAFIN_NS,0.0034016547724604,0.0438031069934368
2025-08-22,CIPLA_NS,0.0047291787341237,-0.0583476163446903
2025-08-22,COALINDIA_NS,0.0056880633346736,0.0
2025-08-22,COCHINSHIP_NS,0.0088786585256457,0.0536949671804904
2025-08-22,COFORGE_NS,0.0008108132751658,-0.0424245297908782
2025-08-22,COLPAL_NS,0.0059618214145302,0.0063537242822349
2025-08-22,CONCOR_NS,0.003615619149059,-0.0215657781809568
2025-08-22,COROMANDEL_NS,0.0043311887420713,-0.078403539955616
2025-08-22,BANKINDIA_NS,0.0070021161809563,0.0124240843579173
2025-08-22,CUMMINSIND_NS,0.0078432541340589,-0.0254274271428585
2025-08-22,BANKBARODA_NS,0.0073776273056864,0.0147116286680102
2025-08-22,BAJAJ_AUTO_NS,0.006165818311274,0.0276382118463516
2025-08-22,360ONE_NS,0.0047006146050989,-0.0748879089951515
2025-08-22,ABB_NS,0.0061328466981649,-0.0024479085113853
2025-08-22,ABCAPITAL_NS,0.0030786264687776,-0.0019083302468061
2025-08-22,ADANIENSOL_NS,0.0036541312001645,0.0940831005573272
2025-08-22,ADANIENT_NS,-0.0037590987049043,0.1338968575000763
2025-08-22,ADANIGREEN_NS,0.0037758769467473,0.116223394870758
2025-08-22,ADANIPORTS_NS,0.0041765607893466,0.0582264810800552
2025-08-22,ADANIPOWER_NS,0.0047762100584805,0.2607887387275696
2025-08-22,ALKEM_NS,0.0036804173141717,0.0053796949796378
2025-08-22,AMBUJACEM_NS,0.0009177905740216,0.0283774062991142
2025-08-22,APLAPOLLO_NS,0.0042474474757909,-0.0594395399093627
2025-08-22,APOLLOHOSP_NS,0.0054262527264654,0.0
2025-08-22,ASHOKLEY_NS,0.0031018652953207,0.0211816858500242
2025-08-22,ASIANPAINT_NS,0.0065224710851907,0.0125437909737229
2025-08-22,ASTRAL_NS,-0.001353976665996,0.0
2025-08-22,ATGL_NS,0.0036171562969684,0.150357499718666
2025-08-22,AUBANK_NS,0.0041241170838475,-0.0521040596067905
2025-08-22,AUROPHARMA_NS,0.0045116147957742,0.0388742685317993
2025-08-22,AXISBANK_NS,0.0076119136065244,0.0511981360614299
2025-08-22,BAJAJFINSV_NS,0.0046343733556568,0.0389688536524772
2025-08-22,BAJAJHLDNG_NS,0.0063840555958449,-0.0355162769556045
2025-08-22,BAJFINANCE_NS,0.0043006194755434,0.1171086952090263
2025-08-22,DABUR_NS,0.0019156370544806,-0.0065615787170827
2025-08-22,JSWENERGY_NS,0.0064088781364262,-0.0021282632369548
2025-08-22,DLF_NS,0.0038394331932067,-0.0046573998406529
2025-08-22,HINDUNILVR_NS,0.0069086449220776,-0.0465327501296997
2025-08-22,HINDZINC_NS,0.0066209924407303,0.0030829785391688
2025-08-22,HUDCO_NS,0.0061828084290027,0.1027205511927604
2025-08-22,HYUNDAI_NS,0.0079069044440984,0.1328300982713699
2025-08-22,ICICIAMC_NS,-0.004174917936325,-0.0068987342528998
2025-08-22,ICICIBANK_NS,0.0027520479634404,-0.0677372068166732
2025-08-22,ICICIGI_NS,0.0064794649370014,0.0045563508756458
2025-08-22,IDEA_NS,0.0029701450839638,0.186385691165924
2025-08-22,DIVISLAB_NS,0.0025431965477764,-0.0326970145106315
2025-08-22,INDHOTEL_NS,0.007423629052937,-0.0092777581885457
2025-08-22,INDIANB_NS,0.006684576626867,-0.0015848336042836
2025-08-22,INDIGO_NS,0.0071312161162495,-0.0669074282050132
2025-08-22,INDUSINDBK_NS,0.0043308800086379,-0.044390894472599
2025-08-22,INDUSTOWER_NS,0.0038449680432677,-0.0077970372512936
2025-08-22,INFY_NS,0.0062018451280891,0.0110109467059373
2025-08-22,IOC_NS,0.0033321268856525,0.0471386089920997
2025-08-22,IRCTC_NS,0.0056155961938202,-0.0172783564776182
2025-08-22,IREDA_NS,0.0084819216281175,0.0469544194638729
2025-08-22,IRFC_NS,0.007546192035079,-0.001247767242603
2025-08-22,ITC_NS,0.0039145005866885,0.0075088557787239
2025-08-22,JINDALSTEL_NS,0.0075754970312118,-0.0159786604344844
2025-08-22,HINDPETRO_NS,0.0044642710126936,0.0719638168811798
2025-08-22,HINDALCO_NS,0.0064402553252875,-0.0220160912722349
2025-08-22,IDFCFIRSTB_NS,0.0043715140782296,-0.0261485036462545
2025-08-22,HDFCLIFE_NS,0.0059513952583074,-0.0045563508756458
2025-08-22,HEROMOTOCO_NS,0.0079400837421417,-0.0002832718018908
2025-08-22,DRREDDY_NS,0.0047112461179494,0.0075971302576363
2025-08-22,EICHERMOT_NS,0.0029322528280317,0.0932692885398864
2025-08-22,ENRIN_NS,0.0059468569234013,0.0597400590777397
2025-08-22,ETERNAL_NS,0.0064128753729164,0.0516775920987129
2025-08-22,EXIDEIND_NS,0.0065825870260596,-0.0541702210903167
2025-08-22,FEDERALBNK_NS,0.0028037936426699,-0.0441715456545352
2025-08-22,FORTIS_NS,0.0066391681320965,0.0655841007828712
2025-08-22,GAIL_NS,0.0058532198891043,0.0
2025-08-22,GLENMARK_NS,-0.0035129776224493,0.0251652225852012
2025-08-22,GMRAIRPORT_NS,0.0044139381498098,-0.0030782993417233
2025-08-22,DMART_NS,0.0040816445834934,0.024653784930706
2025-08-22,GODREJCP_NS,0.0050106267444789,-0.0578052587807178
2025-08-22,GODREJPROP_NS,0.0048388824798166,0.0239262804388999
2025-08-22,GRASIM_NS,0.0072827562689781,0.0035423159133642
2025-08-22,GROWW_NS,-0.004174917936325,-0.0068987342528998
2025-08-22,GVT_D_NS,0.0060086376033723,0.0716654807329177
2025-08-22,HAL_NS,0.006852317135781,0.0225855410099029
2025-08-22,HAVELLS_NS,0.0057159140706062,-0.0375291258096694
2025-08-22,HCLTECH_NS,0.0098962057381868,-0.0208968073129653
2025-08-22,HDFCAMC_NS,0.0048516397364437,-0.0100840423256158
2025-08-22,HDFCBANK_NS,0.0055815088562667,-0.0638741180300712
2025-08-22,GODFRYPHLP_NS,0.0083612659946084,-0.0575646162033081
2025-09-23,NYKAA_NS,0.0039306641556322,0.0740626081824302
2025-09-23,NTPC_NS,0.0069273998960852,-0.0096154613420367
2025-09-23,NMDC_NS,0.0062644891440868,-0.0754423961043357
2025-09-23,NHPC_NS,0.0047066444531083,-0.0211219731718301
2025-09-23,M_MFIN_NS,0.007996255531907,0.0678734481334686
2025-09-23,NAUKRI_NS,0.0071226321160793,0.003399064997211
2025-09-23,NATIONALUM_NS,0.0057460931129753,0.0986053645610809
2025-09-23,OBEROIRLTY_NS,0.0067612398415803,-0.0057295700535178
2025-09-23,M_M_NS,0.0062584616243839,0.0117607191205024
2025-09-23,NESTLEIND_NS,0.0015987848164513,0.0807795375585556
2025-09-23,OFSS_NS,0.0072357188910245,-0.0650136768817901
2025-09-23,PAYTM_NS,0.0017875313060358,0.1086040288209915
2025-09-23,ONGC_NS,0.0064217709004879,0.0416770614683628
2025-09-23,PAGEIND_NS,0.0055885133333504,-0.0205930732190608
2025-09-23,PATANJALI_NS,0.0070492518134415,-0.0439379550516605
2025-09-23,PERSISTENT_NS,0.0063311574049293,0.1019298657774925
2025-09-23,PFC_NS,0.004075916018337,-0.0820061936974525
2025-09-23,PHOENIXLTD_NS,0.0055231344886124,0.0057295700535178
2025-09-23,PIDILITIND_NS,0.0036954120732843,0.0
2025-09-23,PIIND_NS,0.0076931957155466,-0.0236996877938509
2025-09-23,PNB_NS,0.0052004517056047,-0.0237931068986654
2025-09-23,OIL_NS,0.0079674767330288,0.0034830826334655
2025-09-23,MUTHOOTFIN_NS,0.0029426580294966,-0.0012597307795658
2025-09-23,KALYANKJIL_NS,0.0096640903502702,0.02200279943645
2025-09-23,MPHASIS_NS,0.0067349732853472,0.0147436670958995
2025-09-23,POLICYBZR_NS,0.0059173158369958,-0.0514776222407817
2025-09-23,KEI_NS,0.0069459066726267,-0.0005198247381485
2025-09-23,KOTAKBANK_NS,0.008598692715168,0.011545293033123
2025-09-23,KPITTECH_NS,0.0074229333549737,-0.0624752789735794
2025-09-23,LAURUSLABS_NS,0.0074682924896478,0.0369430184364318
2025-09-23,LENSKART_NS,-0.0041571166366338,0.0150166451930999
2025-09-23,LGEINDIA_NS,-0.0041571166366338,-0.0096656559035182
2025-09-23,LICHSGFIN_NS,0.0082076620310544,-0.0394711270928382
2025-09-23,LODHA_NS,0.008060217835009,-0.0543824546039104
2025-09-23,LTF_NS,0.0041621821001172,0.0952684730291366
2025-09-23,MRF_NS,0.0047748978249728,0.0358090922236442
2025-09-23,LTM_NS,-0.0041571166366338,0.0150166451930999
2025-09-23,LUPIN_NS,0.0072625568136572,-0.0193630997091531
2025-09-23,MANKIND_NS,0.0060633611865341,-0.033670749515295
2025-09-23,MARICO_NS,0.0051616351120173,0.0157216563820838
2025-09-23,MARUTI_NS,0.0048004551790654,0.0198234803974628
2025-09-23,MAXHEALTH_NS,0.0066720452159643,0.0
2025-09-23,MAZDOCK_NS,0.0077872704714536,-0.0216280110180377
2025-09-23,MCX_NS,0.0067872297950088,0.0792349129915237
2025-09-23,MFSL_NS,0.0021208943799138,-0.0770112052559852
2025-09-23,MOTHERSON_NS,0.0058276681229472,-0.0445304587483406
2025-09-23,MOTILALOFS_NS,0.0051031527109444,0.0931190699338913
2025-09-23,LT_NS,0.0068185580894351,0.0752407759428024
2025-09-23,POLYCAB_NS,0.0078644277527928,0.0108882831409573
2025-09-23,JUBLFOOD_NS,0.0040707373991608,-0.0220324601978063
2025-09-23,POWERINDIA_NS,0.006383060477674,-0.1097464710474014
2025-09-23,TCS_NS,0.0056050787679851,0.0
2025-09-23,TECHM_NS,0.0083920732140541,-0.0060099135152995
2025-09-23,TIINDIA_NS,0.0073267128318548,-0.0356247089803218
2025-09-23,TITAN_NS,-0.0021501397714018,0.098408818244934
2025-09-23,TMCV_NS,-0.0041571166366338,0.0150166451930999
2025-09-23,TMPV_NS,-0.0041571166366338,0.0463734455406665
2025-09-23,TORNTPHARM_NS,0.0053777671419084,-0.0002478854439686
2025-09-23,TRENT_NS,0.0031753950752317,0.0003460951556917
2025-09-23,TVSMOTOR_NS,0.0054711480624973,0.0333809778094291
2025-09-23,ULTRACEMCO_NS,0.0053784330375492,-0.0013129110448062
2025-09-23,UNIONBANK_NS,0.0046401601284742,-0.0431320965290069
2025-09-23,UNITDSPR_NS,0.0073721641674637,0.0
2025-09-23,UPL_NS,0.0046327649615705,-0.0195149593055248
2025-09-23,VBL_NS,0.0031211962923407,-0.0057014455087482
2025-09-23,VEDL_NS,0.008597420528531,0.0565665140748024
2025-09-23,VMM_NS,0.0064743612892925,0.0039511858485639
2025-09-23,VOLTAS_NS,-0.0019888146780431,0.0738651156425476
2025-09-23,WAAREEENER_NS,0.0065903589129447,0.0426875725388526
2025-09-23,WIPRO_NS,0.0066954172216355,-0.0309846252202987
2025-09-23,YESBANK_NS,0.0043151332065463,0.0043183998204767
2025-09-23,ZYDUSLIFE_NS,0.0072378385812044,-0.0198488291352987
2025-09-23,TATASTEEL_NS,0.005319436546415,-0.0174673069268465
2025-09-23,TATAPOWER_NS,0.0057379640638828,0.0037541845813393
2025-09-23,TATAINVEST_NS,0.0059465439990162,0.0455127321183681
2025-09-23,TATAELXSI_NS,0.0072686159983277,-0.0060560381971299
2025-09-23,PREMIERENE_NS,0.0076218927279114,0.0710549056529998
2025-09-23,PRESTIGE_NS,0.0065603796392679,0.0618441179394722
2025-09-23,RADICO_NS,0.0057449438609182,0.0729967430233955
2025-09-23,RECLTD_NS,0.0009490504162386,-0.0712797194719314
2025-09-23,RELIANCE_NS,0.0073887854814529,0.0107013685628771
2025-09-23,RVNL_NS,0.0066320379264652,-0.0721746236085891
2025-09-23,SAIL_NS,0.0060365786775946,-0.0828780382871627
2025-09-23,SBICARD_NS,0.0076929554343223,0.0325039587914943
2025-09-23,SBILIFE_NS,0.006447076331824,-0.0215629432350397
2025-09-23,SBIN_NS,0.0051674949936568,-0.016068497672677
2025-09-23,POWERGRID_NS,0.0044852215796709,0.0
2025-09-23,SHREECEM_NS,0.0062474771402776,0.0013129110448062
2025-09-23,SIEMENS_NS,0.0077525172382593,-0.002566342940554
2025-09-23,SOLARINDS_NS,0.0077161937952041,0.0110029326751828
2025-09-23,SRF_NS,0.0074165239930152,0.0478841923177242
2025-09-23,SUNPHARMA_NS,0.0064616180025041,0.0598604008555412
2025-09-23,SUPREMEIND_NS,0.0034305597655475,-0.052463874220848
2025-09-23,SUZLON_NS,0.0082510812208056,-0.0726293697953224
2025-09-23,SWIGGY_NS,0.0079816943034529,-0.0405977703630924
2025-09-23,TATACAP_NS,-0.0041571166366338,-0.004383660852909
2025-09-23,TATACOMM_NS,0.0050083007663488,0.0638149678707122
2025-09-23,TATACONSUM_NS,0.0070927599444985,0.0114643201231956
2025-09-23,SHRIRAMFIN_NS,0.0057132663205266,0.0949625894427299
2025-09-23,JSWSTEEL_NS,0.006521419622004,-0.0214498993009328
2025-09-23,JSWENERGY_NS,0.0040852292440831,-0.0232823342084884
2025-09-23,JIOFIN_NS,0.0057686157524585,-0.0063260421156883
2025-09-23,BEL_NS,0.0052900305017828,0.0676253959536552
2025-09-23,BHARATFORG_NS,0.0060223373584449,0.0348467454314231
2025-09-23,BHARTIARTL_NS,0.0062755555845797,-0.0262758377939462
2025-09-23,BHEL_NS,0.0084596239030361,-0.008145441301167
2025-09-23,BIOCON_NS,0.00685779703781,0.0191364232450723
2025-09-23,BLUESTARCO_NS,0.0068858154118061,0.0461892783641815
2025-09-23,BOSCHLTD_NS,0.0037014647386968,-0.0117607191205024
2025-09-23,BPCL_NS,0.0079298848286271,-0.0326538011431694
2025-09-23,BRITANNIA_NS,0.0008027764270082,0.0078490395098924
2025-09-23,BSE_NS,0.004851646721363,0.1196511462330818
2025-09-23,CANBK_NS,0.0055986973457038,-0.0235711596906185
2025-09-23,CGPOWER_NS,0.0048348726704716,-0.0412470623850822
2025-09-23,CHOLAFIN_NS,0.0071073318831622,0.0312950760126113
2025-09-23,CIPLA_NS,0.0047567202709615,0.0559717305004596
2025-09-23,COALINDIA_NS,0.007647693157196,0.0003465807822067
2025-09-23,COCHINSHIP_NS,0.0082340240478515,-0.0079138223081827
2025-09-23,COFORGE_NS,0.0059968396089971,0.0497646369040012
2025-09-23,COLPAL_NS,-0.0014760772464796,-0.0494755320250988
2025-09-23,CONCOR_NS,0.0080189416185021,-0.0028618283104151
2025-09-23,COROMANDEL_NS,0.0064972080290317,-0.0269012805074453
2025-09-23,CUMMINSIND_NS,0.0069398791529238,0.0685128644108772
2025-09-23,BDL_NS,0.0080094318836927,-0.007718242239207
2025-09-23,DABUR_NS,0.0044274507090449,-0.0248063933104276
2025-09-23,BANKINDIA_NS,0.0073374509811401,0.0434870384633541
2025-09-23,BAJFINANCE_NS,0.0039606732316315,0.0266320277005434
2025-09-23,ABB_NS,0.009140832349658,0.002566342940554
2025-09-23,ABCAPITAL_NS,0.0079908175393939,0.0150706665590405
2025-09-23,ADANIENSOL_NS,0.0067139300517737,0.0208357293158769
2025-09-23,ADANIENT_NS,0.0028726211749017,-0.0514866225421428
2025-09-23,ADANIGREEN_NS,0.0085096331313252,-0.0925272032618522
2025-09-23,ADANIPORTS_NS,0.0070135695859789,0.0010371574899181
2025-09-23,ADANIPOWER_NS,0.0097402613610029,0.0328879728913307
2025-09-23,ALKEM_NS,0.0033021601848304,0.0192265268415212
2025-09-23,AMBUJACEM_NS,0.0063877278007566,-0.0254482347518205
2025-09-23,APLAPOLLO_NS,0.0074114361777901,0.0174673069268465
2025-09-23,APOLLOHOSP_NS,0.0040313908830285,-0.0033728119451552
2025-09-23,ASHOKLEY_NS,0.0023511750623583,-0.0459781661629676
2025-09-23,ASIANPAINT_NS,0.0034361220896244,0.0102276876568794
2025-09-23,ASTRAL_NS,-0.0057521006092429,0.0
2025-09-23,ATGL_NS,0.0074435994029045,-0.134499505162239
2025-09-23,AUBANK_NS,0.0064820665866136,0.1077687591314315
2025-09-23,AUROPHARMA_NS,0.0069984514266252,-0.003553532063961
2025-09-23,AXISBANK_NS,0.0067089959047734,0.0046869651414453
2025-09-23,BAJAJFINSV_NS,0.0055561708286404,0.0012597307795658
2025-09-23,BAJAJHLDNG_NS,0.0043481434695422,-0.0432995930314064
2025-09-23,BAJAJ_AUTO_NS,0.0053422199562191,0.0252044312655925
2025-09-23,BANKBARODA_NS,0.006511100102216,-0.0043183998204767
2025-09-23,DIVISLAB_NS,0.0063291857950389,0.104921355843544
2025-09-23,360ONE_NS,0.0071028685197234,0.1167869195342063
2025-09-23,DLF_NS,0.0079886876046657,-0.0100116897374391
2025-09-23,HINDUNILVR_NS,0.0026147933676838,-0.0143087310716509
2025-09-23,HINDZINC_NS,0.0080151539295911,0.0290841776877641
2025-09-23,HUDCO_NS,0.0069854161702096,-0.0212581362575292
2025-09-23,HYUNDAI_NS,0.0086670629680156,-0.1678415387868881
2025-09-23,ICICIAMC_NS,-0.0041571166366338,0.0150166451930999
2025-09-23,ICICIBANK_NS,0.0064160088077187,-0.066245324909687
2025-09-23,ICICIGI_NS,0.0057392991147935,0.0215629432350397
2025-09-23,IDEA_NS,0.0047850399278104,0.0262758377939462
2025-09-23,DIXON_NS,0.0046824924647808,-0.136077418923378
2025-09-23,INDHOTEL_NS,0.0062102512456476,-0.0003460951556917
2025-09-23,INDIANB_NS,0.007807464338839,0.1110414117574691
2025-09-23,INDIGO_NS,0.0030142227187752,0.0231827925890684
2025-09-23,INDUSINDBK_NS,0.0083241183310747,-0.0545330643653869
2025-09-23,INDUSTOWER_NS,0.0077248299494385,-0.0651497542858123
2025-09-23,INFY_NS,0.002569074742496,0.014475779607892
2025-09-23,IOC_NS,0.0071640461683273,-0.0185388624668121
2025-09-23,IRCTC_NS,0.0064023239538073,-0.0010371574899181
2025-09-23,IREDA_NS,0.007871875539422,0.0005198247381485
2025-09-23,IRFC_NS,0.0058039715513587,-0.0540740899741649
2025-09-23,ITC_NS,0.0037279687821865,0.0211672522127628
2025-09-23,JINDALSTEL_NS,0.0063722105696797,-0.0767279267311096
2025-09-23,HINDPETRO_NS,0.0069058397784829,0.0
2025-09-23,HINDALCO_NS,0.006181210745126,0.0760432258248329
2025-09-23,IDFCFIRSTB_NS,0.0067059486173093,0.0492468327283859
2025-09-23,HDFCLIFE_NS,0.004625994246453,-0.0858380943536758
2025-09-23,HEROMOTOCO_NS,0.0065331300720572,0.0400513373315334
2025-09-23,DRREDDY_NS,0.0069813136942684,0.0
2025-09-23,EICHERMOT_NS,0.0056615164503455,-0.0128766950219869
2025-09-23,ENRIN_NS,0.0059122419916093,-0.1240080147981643
2025-09-23,ETERNAL_NS,0.0071788588538765,-0.0203280355781316
2025-09-23,EXIDEIND_NS,0.0032832967117428,-0.0278611909598112
2025-09-23,FEDERALBNK_NS,0.0084250355139374,0.0987763255834579
2025-09-23,FORTIS_NS,0.00580186676234,0.0463018529117107
2025-09-23,GAIL_NS,0.0072066104039549,-0.0196821391582489
2025-09-23,GLENMARK_NS,0.0033599897287786,-0.0829218849539756
2025-09-23,GMRAIRPORT_NS,0.0063131460919976,0.0388822630047798
2025-09-23,DMART_NS,0.0039630462415516,-0.0737143084406852
2025-09-23,GODREJCP_NS,0.0047486531548202,-0.0652351081371307
2025-09-23,GODREJPROP_NS,0.0085861179977655,0.0568426959216594
2025-09-23,GRASIM_NS,0.007924678735435,0.048246793448925
2025-09-23,GROWW_NS,-0.0041571166366338,0.0150166451930999
2025-09-23,GVT_D_NS,0.006951754912734,-0.0158926714211702
2025-09-23,HAL_NS,0.0062043881043791,0.0280046928673982
2025-09-23,HAVELLS_NS,0.0042627155780792,-0.025450449436903
2025-09-23,HCLTECH_NS,0.0076061338186264,0.0676410794258117
2025-09-23,HDFCAMC_NS,0.0056152660399675,-0.0936617404222488
2025-09-23,HDFCBANK_NS,0.0043242848478257,-0.015789121389389
2025-09-23,GODFRYPHLP_NS,0.0074268989264965,-0.0546485036611557
2025-10-24,NTPC_NS,0.0067235128954052,0.0
2025-10-24,NMDC_NS,0.0041536912322044,0.0029036884661763
2025-10-24,NHPC_NS,0.0066489181481301,-0.0538927651941776
2025-10-24,M_MFIN_NS,0.0076686199754476,0.2026501297950744
2025-10-24,NAUKRI_NS,0.0063785421662032,-0.0188761539757251
2025-10-24,NATIONALUM_NS,0.0069274948909878,0.1111524403095245
2025-10-24,M_M_NS,0.006153529509902,0.018044164404273
2025-10-24,NYKAA_NS,0.0052180020138621,0.1070868000388145
2025-10-24,NESTLEIND_NS,0.00512799853459,0.0
2025-10-24,OBEROIRLTY_NS,0.0057140882126986,0.0076881642453372
2025-10-24,PATANJALI_NS,0.0062153460457921,-0.0024170519318431
2025-10-24,OIL_NS,0.0060796048492193,-0.0362226106226444
2025-10-24,ONGC_NS,0.0061107124201953,-0.0621783956885337
2025-10-24,PAGEIND_NS,0.0057225157506763,-0.0286076795309782
2025-10-24,PAYTM_NS,0.0027868375182151,-0.0052564912475645
2025-10-24,PERSISTENT_NS,0.0016056891763582,0.0712308213114738
2025-10-24,PFC_NS,0.0055121076293289,-0.0437406748533248
2025-10-24,PHOENIXLTD_NS,0.0072025964036583,0.0798162594437599
2025-10-24,PIDILITIND_NS,0.0037093665450811,0.0
2025-10-24,PIIND_NS,0.0073143979534506,-0.0110764149576425
2025-10-24,OFSS_NS,0.0040239412337541,-0.0605288408696651
2025-10-24,MUTHOOTFIN_NS,0.0061884592287242,0.1933496743440628
2025-10-24,KALYANKJIL_NS,0.0033120098523795,0.0052564912475645
2025-10-24,MPHASIS_NS,0.0044102203100919,-0.02584427036345
2025-10-24,PNB_NS,0.0080640986561775,-0.0180381033569574
2025-10-24,KEI_NS,0.0053596654906868,-5.3273284720489755e-05
2025-10-24,KOTAKBANK_NS,0.0063312612473964,-0.1239983066916465
2025-10-24,KPITTECH_NS,0.0003913590917363,-0.0238168463110923
2025-10-24,LAURUSLABS_NS,0.0018574866699054,0.0206757504492998
2025-10-24,LENSKART_NS,-0.0041737938299775,0.0421444028615951
2025-10-24,LGEINDIA_NS,-0.0451965406537056,0.0006590377306565
2025-10-24,LICHSGFIN_NS,0.0068983039818704,-0.0140987755730748
2025-10-24,LODHA_NS,0.006535964552313,0.0390360690653324
2025-10-24,LTF_NS,0.0060035483911633,0.1193177327513694
2025-10-24,MRF_NS,0.0079863220453262,-0.0284387078136205
2025-10-24,LTM_NS,-0.0041737938299775,0.0131710264831781
2025-10-24,LUPIN_NS,0.00490069296211,0.0220427401363849
2025-10-24,MANKIND_NS,0.0053819911554455,-0.1154470667243003
2025-10-24,MARICO_NS,0.0054449304006993,0.0223219785839319
2025-10-24,MARUTI_NS,0.0056816535070538,-0.018044164404273
2025-10-24,MAXHEALTH_NS,0.0032586455345153,0.0446739606559276
2025-10-24,MAZDOCK_NS,0.0052289743907749,-0.0028374318499118
2025-10-24,MCX_NS,0.0073674358427524,0.1331916898488998
2025-10-24,MFSL_NS,0.0040745744481682,0.1536077111959457
2025-10-24,MOTHERSON_NS,0.0053449762053787,0.0424903370440006
2025-10-24,MOTILALOFS_NS,0.0082304328680038,-0.0780074968934059
2025-10-24,LT_NS,0.0080631040036678,0.0216594114899635
2025-10-24,POLICYBZR_NS,0.0052995337173342,0.0596506372094154
2025-10-24,TATACONSUM_NS,0.0077602202072739,0.0339764691889286
2025-10-24,POWERGRID_NS,0.0077793197706341,0.0026029890868812
2025-10-24,TCS_NS,0.0020016739144921,0.0
2025-10-24,TECHM_NS,0.0033566523343324,0.0096970219165086
2025-10-24,TIINDIA_NS,0.0049430932849645,-0.0867351666092872
2025-10-24,TITAN_NS,-0.0042689619585871,0.0678628832101821
2025-10-24,TMCV_NS,-0.0041737938299775,-0.0226740147918462
2025-10-24,TMPV_NS,-0.0010969353606924,-0.1216008439660072
2025-10-24,TORNTPHARM_NS,0.0067831263877451,0.0108288917690515
2025-10-24,TRENT_NS,0.0073044672608375,-0.0901466459035873
2025-10-24,TVSMOTOR_NS,0.0060487776063382,-0.0372443795204162
2025-10-24,ULTRACEMCO_NS,0.006092601455748,0.0135702043771743
2025-10-24,UNIONBANK_NS,0.0082858819514513,0.0062831309624016
2025-10-24,UNITDSPR_NS,0.0069183185696601,0.0671562105417251
2025-10-24,UPL_NS,0.0051534287631511,0.1365808993577957
2025-10-24,VBL_NS,0.0080973729491233,-0.0123578868806362
2025-10-24,VEDL_NS,0.0081051308661699,0.0412876158952713
2025-10-24,VMM_NS,0.0054338308982551,-0.0886815264821052
2025-10-24,VOLTAS_NS,0.0062238010577857,-0.0062101366929709
2025-10-24,WAAREEENER_NS,0.0070957159623503,-0.0660739317536354
2025-10-24,WIPRO_NS,0.0042171333916485,-0.0072285118512809
2025-10-24,YESBANK_NS,0.0064381137490272,-0.0676454082131385
2025-10-24,JUBLFOOD_NS,0.0063122152350842,0.0350420475006103
2025-10-24,TATASTEEL_NS,0.006663545500487,-0.0244153626263141
2025-10-24,TATAPOWER_NS,0.0082935271784663,-0.0038903444074094
2025-10-24,TATAINVEST_NS,0.003885880112648,-0.130732387304306
2025-10-24,TATAELXSI_NS,0.0046974392607808,-0.0891212522983551
2025-10-24,POWERINDIA_NS,0.0057717803865671,0.2730042338371277
2025-10-24,PREMIERENE_NS,0.0083678793162107,-0.0882847607135772
2025-10-24,PRESTIGE_NS,0.0058855209499597,-0.0076881642453372
2025-10-24,RADICO_NS,0.0076197432354092,0.0346062928438186
2025-10-24,RECLTD_NS,0.0067055667750537,-0.0035531164612621
2025-10-24,RELIANCE_NS,0.0067694196477532,0.0109543008729815
2025-10-24,RVNL_NS,0.0040328204631805,-0.0216594114899635
2025-10-24,SAIL_NS,0.0040070819668471,0.0445137806236743
2025-10-24,SBICARD_NS,0.0082665588706731,-0.083987258374691
2025-10-24,SBILIFE_NS,0.0071208998560905,0.0765453726053237
2025-10-24,POLYCAB_NS,0.0059615834616124,0.0447458811104297
2025-10-24,SBIN_NS,0.0078920125961303,0.0148690799251198
2025-10-24,SHRIRAMFIN_NS,0.0073918402194976,0.2060890197753906
2025-10-24,SIEMENS_NS,0.0052708089351654,0.0637707784771919
2025-10-24,SOLARINDS_NS,0.0051307431422173,-0.0003468259237706
2025-10-24,SRF_NS,0.0023425160907208,-0.0709355622529983
2025-10-24,SUNPHARMA_NS,0.0072270352393388,0.0108817676082253
2025-10-24,SUPREMEIND_NS,0.0063391127623617,-0.0979124456644058
2025-10-24,SUZLON_NS,0.0062113841995596,0.0200222507119178
2025-10-24,SWIGGY_NS,0.0059421570040285,-0.0608101971447467
2025-10-24,TATACAP_NS,-0.0700126513838768,0.0157898552715778
2025-10-24,TATACOMM_NS,0.0075568184256553,-0.0911164730787277
2025-10-24,SHREECEM_NS,0.006382558029145,-0.0364557318389415
2025-10-24,JSWSTEEL_NS,0.0055010053329169,-0.0029036884661763
2025-10-24,ZYDUSLIFE_NS,0.0031859520822763,-0.112965315580368
2025-10-24,JIOFIN_NS,0.0016969066346064,-0.0038051516748964
2025-10-24,BEL_NS,0.0083423554897308,0.0262872632592916
2025-10-24,BHARATFORG_NS,0.0069443192332983,0.0993720740079879
2025-10-24,BHARTIARTL_NS,0.005582527257502,0.0097147012129426
2025-10-24,BHEL_NS,0.0054251858964562,0.2575798034667969
2025-10-24,BIOCON_NS,0.0063503263518214,0.0558390021324157
2025-10-24,BLUESTARCO_NS,0.0066420221701264,-0.0837701186537742
2025-10-24,BOSCHLTD_NS,0.0063259084708988,-0.0698565170168876
2025-10-24,BPCL_NS,0.0057423557154834,0.046680774539709
2025-10-24,BRITANNIA_NS,0.0043317307718098,-0.0164373684674501
2025-10-24,BSE_NS,0.0038967095315456,0.1793841123580932
2025-10-24,CANBK_NS,0.0072775278240442,0.0989976227283477
2025-10-24,CGPOWER_NS,0.0020893989130854,-0.0041041015647351
2025-10-24,CHOLAFIN_NS,0.0085553573444485,0.0134119559079408
2025-10-24,CIPLA_NS,0.0040113874711096,-0.0836455151438713
2025-10-24,COALINDIA_NS,0.0041052238084375,0.003391466801986
2025-10-24,COCHINSHIP_NS,0.0043913298286497,-0.0239453222602605
2025-10-24,COFORGE_NS,0.0016239891992881,0.0240293871611356
2025-10-24,COLPAL_NS,0.0051610907539725,-0.0070104482583701
2025-10-24,CONCOR_NS,0.0062635568901896,-0.0430522412061691
2025-10-24,COROMANDEL_NS,0.0058542024344205,0.0763188600540161
2025-10-24,CUMMINSIND_NS,0.004213732201606,0.0848071351647377
2025-10-24,BDL_NS,0.0065189022570848,0.0003468259237706
2025-10-24,BANKINDIA_NS,0.008278495632112,0.0257990770041942
2025-10-24,BANKBARODA_NS,0.0061079352162778,0.0071370638906955
2025-10-24,BAJFINANCE_NS,0.007102346047759,-0.0582352243363857
2025-10-24,360ONE_NS,0.0044154748320579,-0.010322262533009
2025-10-24,ABB_NS,0.0063371183350682,0.033085647970438
2025-10-24,ABCAPITAL_NS,0.0078275818377733,0.1623819768428802
2025-10-24,ADANIENSOL_NS,0.0085218865424394,0.0679471045732498
2025-10-24,ADANIENT_NS,0.0072694970294833,-0.0576861910521984
2025-10-24,ADANIGREEN_NS,0.0072810072451829,0.0204038359224796
2025-10-24,ADANIPORTS_NS,0.0076920799911022,0.0361214280128479
2025-10-24,ADANIPOWER_NS,0.0086761433631181,-0.0934556052088737
2025-10-24,ALKEM_NS,0.0072019733488559,-0.0061473869718611
2025-10-24,AMBUJACEM_NS,0.0044205272570252,0.0257166493684053
2025-10-24,DABUR_NS,0.0020411009900271,0.031672466546297
2025-10-24,APLAPOLLO_NS,0.0080742063000798,-0.0092485705390572
2025-10-24,ASHOKLEY_NS,0.0037322021089494,0.0798729881644249
2025-10-24,ASIANPAINT_NS,0.0023645963519811,0.1682003140449524
2025-10-24,ASTRAL_NS,0.0046586850658059,0.0
2025-10-24,ATGL_NS,0.0071332463994622,-0.0158377513289451
2025-10-24,AUBANK_NS,0.0066147157922387,0.0238719619810581
2025-10-24,AUROPHARMA_NS,0.0072709619998931,0.0734937489032745
2025-10-24,AXISBANK_NS,0.0072775688022375,-0.0495110861957073
2025-10-24,BAJAJFINSV_NS,0.004975929390639,-0.0201332475990057
2025-10-24,BAJAJHLDNG_NS,0.0017831997247412,-0.0799087584018707
2025-10-24,BAJAJ_AUTO_NS,0.0051148431375622,0.0100261094048619
2025-10-24,APOLLOHOSP_NS,0.0014148453483358,0.0
2025-10-24,DIVISLAB_NS,0.0004194356733933,-0.0617296062409877
2025-10-24,JSWENERGY_NS,0.0065748374909162,-0.0688701421022415
2025-10-24,DLF_NS,0.0031367829069495,-0.0185891315340995
2025-10-24,HINDUNILVR_NS,0.0063834083266556,-0.0188991744071245
2025-10-24,HINDZINC_NS,0.0070471293292939,-0.0275934636592865
2025-10-24,HUDCO_NS,0.0066331955604255,0.0343681871891021
2025-10-24,HYUNDAI_NS,0.0002565575996413,0.0281029287725687
2025-10-24,ICICIAMC_NS,-0.0041737938299775,0.0131710264831781
2025-10-24,ICICIBANK_NS,-0.0004519870271906,-0.0835175290703773
2025-10-24,ICICIGI_NS,0.0072810985147953,-0.0197714511305093
2025-10-24,IDEA_NS,0.0073808245360851,-0.0097147012129426
2025-10-24,INDHOTEL_NS,0.0019421988399699,0.0179618522524833
2025-10-24,INDIANB_NS,0.0082092005759477,-0.0062831309624016
2025-10-24,INDIGO_NS,0.0072665503248572,0.0124786254018545
2025-10-24,INDUSINDBK_NS,0.007224528118968,0.0375310108065605
2025-10-24,INDUSTOWER_NS,0.0058639147318899,0.0565808899700641
2025-10-24,INFY_NS,0.0062467702664434,0.0004794875276274
2025-10-24,IOC_NS,0.0064758257940411,0.0395320430397987
2025-10-24,IRCTC_NS,0.0055025438778102,-0.0480328388512134
2025-10-24,IREDA_NS,0.0075457543134689,-0.0685679540038108
2025-10-24,IRFC_NS,0.0066832397133111,-0.0165433827787637
2025-10-24,ITC_NS,0.0066817034967243,-0.0243707429617643
2025-10-24,JINDALSTEL_NS,0.0035855714231729,0.0373735204339027
2025-10-24,DIXON_NS,-0.0033599641174077,-0.0420793630182743
2025-10-24,HINDPETRO_NS,0.0056866724044084,0.0
2025-10-24,HINDALCO_NS,0.0073521807789802,-0.0203150045126676
2025-10-24,IDFCFIRSTB_NS,0.0052781496196985,-0.0543690808117389
2025-10-24,HDFCLIFE_NS,0.0059005781076848,0.0197714511305093
2025-10-24,HEROMOTOCO_NS,0.0065952111035585,0.0990641638636589
2025-10-24,DRREDDY_NS,0.0042576747946441,-0.0715997293591499
2025-10-24,EICHERMOT_NS,0.0030667767859995,0.059756975620985
2025-10-24,ENRIN_NS,0.0022954223677515,5.3273284720489755e-05
2025-10-24,ETERNAL_NS,0.0043431618250906,-0.0641453117132186
2025-10-24,EXIDEIND_NS,0.0046948501840233,-0.065680555999279
2025-10-24,FEDERALBNK_NS,0.004327985458076,0.0494599491357803
2025-10-24,GAIL_NS,0.0070143351331353,-0.0523961633443832
2025-10-24,GLENMARK_NS,0.0040794196538627,0.0
2025-10-24,GMRAIRPORT_NS,0.0068169990554451,0.1100829467177391
2025-10-24,GODFRYPHLP_NS,0.0054316273890435,-0.0643020644783973
2025-10-24,FORTIS_NS,0.006256959401071,-0.0526919029653072
2025-10-24,DMART_NS,0.0026408932171761,-0.0241306032985448
2025-10-24,GODREJCP_NS,0.0068085025995969,0.0315419808030128
2025-10-24,HDFCAMC_NS,0.0049606710672378,0.0035531164612621
2025-10-24,HCLTECH_NS,0.0034969090484082,0.0313671119511127
2025-10-24,HAVELLS_NS,0.0036936476826667,0.0028192403260618
2025-10-24,HAL_NS,0.0069420365616679,-0.0259110089391469
2025-10-24,HDFCBANK_NS,0.0047185663133859,-0.0739564597606659
2025-10-24,GROWW_NS,-0.0041737938299775,0.217607170343399
2025-10-24,GRASIM_NS,0.0058539370074868,-0.0135702043771743
2025-10-24,GODREJPROP_NS,0.0073248893022537,-0.0385915227234363
2025-10-24,GVT_D_NS,0.0028197253122925,-0.004084232263267
2025-11-25,NTPC_NS,0.0042923600412905,-0.0069145099259912
2025-11-25,NMDC_NS,0.004409534856677,0.0228921417146921
2025-11-25,NHPC_NS,0.0014221227029338,0.0041264910250902
2025-11-25,M_MFIN_NS,0.0074309445917606,0.0766325518488884
2025-11-25,NAUKRI_NS,0.0064285220578312,0.0242501869797706
2025-11-25,NATIONALUM_NS,0.0067053390666842,0.0602653361856937
2025-11-25,M_M_NS,0.0073734316974878,-0.0226636212319135
2025-11-25,NYKAA_NS,0.0066905505955219,-0.0281968731433153
2025-11-25,NESTLEIND_NS,0.0061195543967187,-0.0040474426932632
2025-11-25,OBEROIRLTY_NS,-0.003331022337079,0.0561456456780433
2025-11-25,PATANJALI_NS,0.0055718929506838,-0.0409537851810455
2025-11-25,OIL_NS,0.0055205496028065,-0.0412246845662593
2025-11-25,ONGC_NS,0.0061707580462098,-0.0602918080985546
2025-11-25,PAGEIND_NS,0.0071991216391325,-0.0322574749588966
2025-11-25,PAYTM_NS,0.0033138645812869,0.0840707793831825
2025-11-25,PERSISTENT_NS,0.0078900875523686,-0.0451995655894279
2025-11-25,PFC_NS,0.0027460600249469,-0.0218310300260782
2025-11-25,PHOENIXLTD_NS,0.0047388961538672,0.0981387495994567
2025-11-25,PIDILITIND_NS,0.0058258795179426,0.0
2025-11-25,PIIND_NS,8.634862024337053e-05,-0.0553863830864429
2025-11-25,OFSS_NS,0.0068904389627277,-0.0804434046149253
2025-11-25,MUTHOOTFIN_NS,0.0061271488666534,0.0264644119888544
2025-11-25,KALYANKJIL_NS,0.0033540185540914,0.0281968731433153
2025-11-25,MPHASIS_NS,0.0054168831557035,-0.0090751899406313
2025-11-25,PNB_NS,0.0073251985013484,-0.0213994961231946
2025-11-25,KEI_NS,0.0052133039571344,0.0780504718422889
2025-11-25,KOTAKBANK_NS,0.0027236468158662,0.0402988083660602
2025-11-25,KPITTECH_NS,0.0071170409210026,-0.0044463844969868
2025-11-25,LAURUSLABS_NS,0.0046490365639328,0.091216042637825
2025-11-25,LENSKART_NS,-0.0101365968585014,0.0839835852384567
2025-11-25,LGEINDIA_NS,-0.0006468686042353,-0.0601595528423786
2025-11-25,LICHSGFIN_NS,0.0003159624757245,-0.0223872158676385
2025-11-25,LODHA_NS,0.0051994146779179,-0.0413182564079761
2025-11-25,LTF_NS,0.0070628132671117,0.0196216534823179
2025-11-25,MRF_NS,0.0021575060673058,-0.0355875492095947
2025-11-25,LTM_NS,-0.0041915532201528,-0.0015405340818688
2025-11-25,LUPIN_NS,0.0075934659689664,0.0183029975742101
2025-11-25,MANKIND_NS,0.0057706427760422,-0.0348018854856491
2025-11-25,MARICO_NS,0.0076898541301488,0.0033653387799859
2025-11-25,MARUTI_NS,-0.0002263345522806,0.0362219363451004
2025-11-25,MAXHEALTH_NS,0.0034287483431398,-0.0466650612652301
2025-11-25,MAZDOCK_NS,0.004838328808546,-0.0289654452353715
2025-11-25,MCX_NS,0.0077715497463941,0.0861827731132507
2025-11-25,MFSL_NS,0.003518609330058,-0.0179713033139705
2025-11-25,MOTHERSON_NS,0.0074383681640028,0.0674404054880142
2025-11-25,MOTILALOFS_NS,0.0031758891418576,-0.0584191940724849
2025-11-25,LT_NS,0.006801176816225,0.0090601062402129
2025-11-25,POLICYBZR_NS,0.004684988874942,0.0801952481269836
2025-11-25,ZYDUSLIFE_NS,0.0040149870328605,-0.0244763810187578
2025-11-25,POWERGRID_NS,0.0033055068925023,-0.0233007967472076
2025-11-25,TCS_NS,0.0084627475589513,0.0197169799357652
2025-11-25,TECHM_NS,0.0070596439763903,0.0452043712139129
2025-11-25,TIINDIA_NS,0.004838477820158,-0.1175692081451416
2025-11-25,TITAN_NS,0.0076789837330579,0.0330859646201133
2025-11-25,TMCV_NS,-0.0771375522017479,0.2499835938215255
2025-11-25,TMPV_NS,-0.0176239609718322,0.0174300335347652
2025-11-25,TORNTPHARM_NS,0.0064424844458699,0.0106264287605881
2025-11-25,TRENT_NS,0.0011446458520367,0.0298354718834161
2025-11-25,TVSMOTOR_NS,0.0023979805409908,0.0474071390926837
2025-11-25,ULTRACEMCO_NS,0.0061961961910128,0.0058255046606063
2025-11-25,UNIONBANK_NS,0.0073789358139038,-0.0177885200828313
2025-11-25,UNITDSPR_NS,0.005725868511945,-0.007092370186001
2025-11-25,UPL_NS,0.0038933660835027,0.0439485684037208
2025-11-25,VBL_NS,0.0048873899504542,0.0604711584746837
2025-11-25,VEDL_NS,0.0042258263565599,0.0794662535190582
2025-11-25,VMM_NS,0.0042037297971546,0.0195160321891307
2025-11-25,VOLTAS_NS,0.000732330721803,0.038585890084505
2025-11-25,WAAREEENER_NS,0.0036958651617169,-0.0584247820079326
2025-11-25,WIPRO_NS,0.0074187060818076,0.0449738204479217
2025-11-25,YESBANK_NS,0.0048082037828862,-0.0495341718196868
2025-11-25,JUBLFOOD_NS,0.00685082282871,-0.0317205600440502
2025-11-25,TATASTEEL_NS,-0.0022002472542226,-0.0682738944888114
2025-11-25,TATAPOWER_NS,0.002443641424179,-0.0041451542638242
2025-11-25,TATAINVEST_NS,0.0045219017192721,-0.0215592235326766
2025-11-25,TATAELXSI_NS,0.0054203392937779,0.0
2025-11-25,POWERINDIA_NS,-0.0005033652996644,-0.1673493832349777
2025-11-25,PREMIERENE_NS,0.002264785580337,-0.0887022763490676
2025-11-25,PRESTIGE_NS,0.0009848779300227,0.0070666368119418
2025-11-25,RADICO_NS,0.0071731954813003,0.0040107388049364
2025-11-25,RECLTD_NS,0.0050183613784611,0.0020130425691604
2025-11-25,RELIANCE_NS,0.0055080144666135,0.0
2025-11-25,RVNL_NS,0.0066637583076953,0.0631524175405502
2025-11-25,SAIL_NS,0.0025374563410878,-0.0935393869876861
2025-11-25,SBICARD_NS,0.0027572005055844,0.0040279128588736
2025-11-25,SBILIFE_NS,0.0058413795195519,0.0079297740012407
2025-11-25,POLYCAB_NS,0.0055040139704942,0.0360839702188968
2025-11-25,SBIN_NS,0.0066092237830162,-0.0190268252044916
2025-11-25,SHRIRAMFIN_NS,0.0048855971544981,0.1433072388172149
2025-11-25,SIEMENS_NS,0.0072074336931109,-0.0158033110201358
2025-11-25,SOLARINDS_NS,0.0062380563467741,-0.0500847995281219
2025-11-25,SRF_NS,0.0023314016871154,0.1171493455767631
2025-11-25,SUNPHARMA_NS,0.0084777800366282,-0.0355399698019027
2025-11-25,SUPREMEIND_NS,0.0044102272950112,-0.0210506115108728
2025-11-25,SUZLON_NS,-0.0001600215910002,-0.018100582063198
2025-11-25,SWIGGY_NS,0.0053477203473448,0.0121763655915856
2025-11-25,TATACAP_NS,-0.0341036319732666,0.0532389469444751
2025-11-25,TATACOMM_NS,0.0070793833583593,-0.0459949970245361
2025-11-25,SHREECEM_NS,0.0082402918487787,-0.0217262525111436
2025-11-25,JSWSTEEL_NS,0.0002219426678493,-0.1093007773160934
2025-11-25,TATACONSUM_NS,0.0060113747604191,0.0
2025-11-25,JIOFIN_NS,0.0058306045830249,-0.0078770369291305
2025-11-25,BEL_NS,0.0060620685108006,-0.0146351410076022
2025-11-25,BHARATFORG_NS,0.0078441966325044,0.0147920567542314
2025-11-25,BHARTIARTL_NS,0.0058181406930089,-0.0333810821175575
2025-11-25,BHEL_NS,0.0033652791753411,-0.0060861064121127
2025-11-25,BIOCON_NS,0.0065947077237069,0.0
2025-11-25,BLUESTARCO_NS,-0.000853176577948,0.0280903968960046
2025-11-25,BOSCHLTD_NS,0.0055187824182212,-0.0019279287662357
2025-11-25,BPCL_NS,0.0044305543415248,0.0159070957452058
2025-11-25,BRITANNIA_NS,0.0050759543664753,0.0261307228356599
2025-11-25,BSE_NS,0.0083661116659641,-0.0680795088410377
2025-11-25,CANBK_NS,0.0062969191931188,0.0025486764498054
2025-11-25,CGPOWER_NS,0.0008707639062777,-0.0215661767870187
2025-11-25,CHOLAFIN_NS,0.0042974259704351,0.0008507465245202
2025-11-25,CIPLA_NS,0.0047693117521703,-0.0203427113592624
2025-11-25,COALINDIA_NS,0.0045013022609055,0.0803287997841835
2025-11-25,COCHINSHIP_NS,0.0040865680202841,-0.0092627387493848
2025-11-25,COFORGE_NS,0.007882623001933,-0.0950521156191825
2025-11-25,COLPAL_NS,0.0065152738243341,-0.0361977405846118
2025-11-25,CONCOR_NS,0.0043682856485247,-0.0127151794731616
2025-11-25,COROMANDEL_NS,0.0075930953025817,0.0392380468547344
2025-11-25,CUMMINSIND_NS,0.004116868134588,0.0349788106977939
2025-11-25,BDL_NS,0.0063391849398612,0.0234405752271413
2025-11-25,BANKINDIA_NS,0.0063747828826308,-0.0558109991252422
2025-11-25,BANKBARODA_NS,0.0066626421175897,0.0074021560139954
2025-11-25,BAJFINANCE_NS,0.0006885799812152,0.0190485566854476
2025-11-25,360ONE_NS,0.0021951026283204,0.0591743364930152
2025-11-25,ABB_NS,0.0020596724934875,0.0387666821479797
2025-11-25,ABCAPITAL_NS,0.006838166154921,-0.0008507465245202
2025-11-25,ADANIENSOL_NS,0.0061201695352792,0.0221026316285133
2025-11-25,ADANIENT_NS,0.0004329044604673,-0.0499299690127372
2025-11-25,ADANIGREEN_NS,0.0045280307531356,0.0
2025-11-25,ADANIPORTS_NS,0.0072437701746821,0.0019078438635915
2025-11-25,ADANIPOWER_NS,0.0024798922240734,-0.0287360232323408
2025-11-25,ALKEM_NS,0.0067610382102429,-0.0368504263460636
2025-11-25,AMBUJACEM_NS,0.0052397092804312,-0.0058255046606063
2025-11-25,DABUR_NS,0.0056731840595602,-0.048746895045042
2025-11-25,APLAPOLLO_NS,-0.0003313737688586,-0.00037341620191
2025-11-25,ASHOKLEY_NS,0.006796799134463,0.1703748852014541
2025-11-25,ASIANPAINT_NS,-0.0006151291308924,-0.0181727018207311
2025-11-25,ASTRAL_NS,0.0040007289499044,0.0
2025-11-25,ATGL_NS,0.0055216518230736,-0.069176010787487
2025-11-25,AUBANK_NS,0.0062482715584337,0.0272629428654909
2025-11-25,AUROPHARMA_NS,0.0065975170582532,-0.0100748529657721
2025-11-25,AXISBANK_NS,0.0074493959546089,-0.0361183173954486
2025-11-25,BAJAJFINSV_NS,0.0011358350748196,-0.0037742026615887
2025-11-25,BAJAJHLDNG_NS,0.0050777229480445,-0.0428727306425571
2025-11-25,BAJAJ_AUTO_NS,0.0051362216472625,0.0118530131876468
2025-11-25,APOLLOHOSP_NS,0.0013139961520209,0.0
2025-11-25,DIVISLAB_NS,0.0008625603513792,0.0002068463800242
2025-11-25,JSWENERGY_NS,-0.0033445809967815,0.0127748204395174
2025-11-25,DLF_NS,-0.0009455172112211,-0.0070666368119418
2025-11-25,HINDUNILVR_NS,0.0059946989640593,-0.0574595779180526
2025-11-25,HINDZINC_NS,0.0033155968412756,0.2101385444402694
2025-11-25,HUDCO_NS,0.0069739408791065,-0.0665760859847068
2025-11-25,HYUNDAI_NS,0.0059973187744617,0.0015405340818688
2025-11-25,ICICIAMC_NS,-0.0041915532201528,0.0193920526653528
2025-11-25,ICICIBANK_NS,0.0049900845624506,-0.0025486764498054
2025-11-25,ICICIGI_NS,0.0040189260616898,-0.0093689505010843
2025-11-25,IDEA_NS,0.0071003390476107,0.1633071303367614
2025-11-25,INDHOTEL_NS,0.0028915293514728,0.0376713909208774
2025-11-25,INDIANB_NS,0.0036863102577626,-0.120372898876667
2025-11-25,INDIGO_NS,0.0058438619598746,-0.1294723004102707
2025-11-25,INDUSINDBK_NS,0.0069964663125574,0.0056361518800258
2025-11-25,INDUSTOWER_NS,0.003120211418718,0.0333810821175575
2025-11-25,INFY_NS,0.0070753507316112,0.0408339314162731
2025-11-25,IOC_NS,0.0037047881633043,0.000102754071122
2025-11-25,IRCTC_NS,0.0042691179551184,-0.0019078438635915
2025-11-25,IREDA_NS,0.0034024361521005,-0.024872351437807
2025-11-25,IRFC_NS,0.0044503696262836,0.0334031134843826
2025-11-25,ITC_NS,0.0028585866093635,0.0130945639684796
2025-11-25,JINDALSTEL_NS,0.0024319812655448,-0.1138591542840004
2025-11-25,DIXON_NS,0.0068603223189711,-0.1121772974729538
2025-11-25,HINDPETRO_NS,0.0043522147461771,0.0214305389672517
2025-11-25,HINDALCO_NS,-1.4693825505673884e-05,0.00037341620191
2025-11-25,IDFCFIRSTB_NS,0.0036964043974876,0.0557808503508567
2025-11-25,HDFCLIFE_NS,0.0063245892524719,-0.0040279128588736
2025-11-25,HEROMOTOCO_NS,0.0015720502706244,-0.0787877142429351
2025-11-25,DRREDDY_NS,0.0037360237911343,0.0108576407656073
2025-11-25,EICHERMOT_NS,0.0048840777017176,-0.0008013258338905
2025-11-25,ENRIN_NS,0.0063353944569826,-0.1783567368984222
2025-11-25,ETERNAL_NS,0.0037684044800698,-0.0609976463019847
2025-11-25,EXIDEIND_NS,0.0047744158655405,0.0008013258338905
2025-11-25,FEDERALBNK_NS,0.0058544729836285,0.0182308834046125
2025-11-25,GAIL_NS,0.0080786701291799,-0.0644584894180297
2025-11-25,GLENMARK_NS,0.0074190441519021,0.0581921823322773
2025-11-25,GMRAIRPORT_NS,0.0089831948280334,-0.0159789659082889
2025-11-25,GODFRYPHLP_NS,0.0067886621691286,-0.0236717574298381
2025-11-25,FORTIS_NS,-0.0006833163788542,0.0024410299956798
2025-11-25,DMART_NS,0.0085769081488251,-0.0292620379477739
2025-11-25,GODREJCP_NS,0.00589594617486,0.0395595952868461
2025-11-25,HDFCAMC_NS,0.0064854365773499,-0.0110435411334037
2025-11-25,HCLTECH_NS,0.0080690924078226,0.0025731800124049
2025-11-25,HAVELLS_NS,0.0050547700375318,0.0141834430396556
2025-11-25,HAL_NS,0.001594106783159,0.0060861064121127
2025-11-25,HDFCBANK_NS,0.0059192134067416,0.003427909919992
2025-11-25,GROWW_NS,-0.0042111128568649,0.0139178782701492
2025-11-25,GRASIM_NS,2.3327418603003025e-05,0.0408907122910022
2025-11-25,GODREJPROP_NS,-0.0016638798406347,-0.012663085013628
2025-11-25,GVT_D_NS,0.001983227673918,0.1008283123373985
2025-12-24,NYKAA_NS,0.0022109346464276,0.0382928475737571
2025-12-24,M_MFIN_NS,0.0052565452642738,0.0208393614739179
2025-12-24,M_M_NS,0.0043979818001389,-0.0058501120656728
2025-12-24,NATIONALUM_NS,0.0068202479742467,0.1462813019752502
2025-12-24,NAUKRI_NS,0.0061563127674162,0.0222658924758434
2025-12-24,NESTLEIND_NS,0.0007272158982232,0.0466670729219913
2025-12-24,NHPC_NS,0.0097513776272535,0.0274818465113639
2025-12-24,NMDC_NS,0.0061724060215055,-0.1502541750669479
2025-12-24,NTPC_NS,0.0071275578811764,0.1288150697946548
2025-12-24,OBEROIRLTY_NS,0.0052675083279609,0.0114689273759722
2025-12-24,PIIND_NS,0.0097419433295726,0.0410482920706272
2025-12-24,OIL_NS,0.0050362907350063,0.1160540357232093
2025-12-24,ONGC_NS,0.0033958223648369,0.0823938697576522
2025-12-24,PAGEIND_NS,0.0099697774276137,0.0067808963358402
2025-12-24,PATANJALI_NS,0.0017514476785436,-0.0713843405246734
2025-12-24,PAYTM_NS,0.0045609520748257,-0.0208455361425876
2025-12-24,PERSISTENT_NS,0.0037709269672632,0.0
2025-12-24,PFC_NS,0.0100276712328195,0.0716245099902153
2025-12-24,PHOENIXLTD_NS,0.0074786152690649,0.0708646327257156
2025-12-24,PIDILITIND_NS,0.0069185919128358,0.0605995841324329
2025-12-24,MUTHOOTFIN_NS,0.0059315762482583,0.0617760010063648
2025-12-24,OFSS_NS,0.0063184001483023,0.0465189553797245
2025-12-24,MRF_NS,0.0065841376781463,-0.0455350205302238
2025-12-24,JUBLFOOD_NS,0.0039155734702944,-0.0183931346982717
2025-12-24,MOTILALOFS_NS,0.0045874696224927,-0.1106814965605735
2025-12-24,PNB_NS,0.0033582453615963,-0.0193519052118062
2025-12-24,KALYANKJIL_NS,0.0042279725894331,-0.1530386954545974
2025-12-24,KEI_NS,0.0069452892057597,-0.0585742741823196
2025-12-24,KOTAKBANK_NS,0.0061046369373798,-0.0930734202265739
2025-12-24,KPITTECH_NS,0.0043975105509161,-0.0791919752955436
2025-12-24,LAURUSLABS_NS,0.0065998742356896,-0.0349600054323673
2025-12-24,LENSKART_NS,0.0044280248694121,0.0485978983342647
2025-12-24,LGEINDIA_NS,0.0044596418738365,-0.0036527416668832
2025-12-24,LICHSGFIN_NS,0.0060885581187903,-0.0106106782332062
2025-12-24,LODHA_NS,0.0060431053861975,-0.0336977988481521
2025-12-24,MPHASIS_NS,0.0042191143147647,-0.0119769675657153
2025-12-24,LTF_NS,0.0050879614427685,0.0274681150913238
2025-12-24,LT_NS,0.0066606807522475,0.0117448158562183
2025-12-24,LUPIN_NS,0.0076416339725255,0.0666709244251251
2025-12-24,MANKIND_NS,0.009169477969408,0.0
2025-12-24,MARICO_NS,0.0068013682030141,0.0275682229548692
2025-12-24,MARUTI_NS,0.0082369605079293,-0.0279720500111579
2025-12-24,MAXHEALTH_NS,0.0035267178900539,-0.0292263180017471
2025-12-24,MAZDOCK_NS,0.0046879714354872,-0.0103672854602336
2025-12-24,MCX_NS,0.0068898336030542,0.1559510976076126
2025-12-24,MFSL_NS,0.006390034686774,-0.0171992126852273
2025-12-24,MOTHERSON_NS,0.0074961148202419,-0.0227268412709236
2025-12-24,LTM_NS,-0.0041597005911171,0.0886596739292144
2025-12-24,POLICYBZR_NS,0.0055101560428738,-0.0732792541384697
2025-12-24,TATACOMM_NS,0.0053913416340947,-0.028060708194971
2025-12-24,POWERGRID_NS,0.0058261696249246,0.0099365515634417
2025-12-24,TCS_NS,0.0089204236865043,-0.013567897491157
2025-12-24,TECHM_NS,0.006413344759494,0.0854530781507492
2025-12-24,TIINDIA_NS,0.007033172994852,-0.1069096848368644
2025-12-24,TITAN_NS,0.0054317833855748,0.1472961902618408
2025-12-24,TMCV_NS,-0.0438292250037193,0.1711552441120147
2025-12-24,TMPV_NS,0.0098848259076476,0.0353422239422798
2025-12-24,TORNTPHARM_NS,0.0073372982442379,0.0878928825259208
2025-12-24,TRENT_NS,0.0101662296801805,0.0026277299039065
2025-12-24,TVSMOTOR_NS,0.0036856294609606,0.0364870578050613
2025-12-24,ULTRACEMCO_NS,0.0069472352042794,0.0424766913056373
2025-12-24,UNIONBANK_NS,0.0061148679815232,0.1143783777952194
2025-12-24,UNITDSPR_NS,0.0043514077551662,-0.0638107880949974
2025-12-24,UPL_NS,0.0047916625626385,-0.0152579564601182
2025-12-24,VBL_NS,0.0052680266089737,0.0
2025-12-24,VEDL_NS,0.0065651927143335,0.04706347361207
2025-12-24,VMM_NS,0.0083369258791208,-0.001240415032953
2025-12-24,VOLTAS_NS,0.0071057137101888,0.0268108416348695
2025-12-24,WAAREEENER_NS,0.005103038623929,-0.0448949411511421
2025-12-24,WIPRO_NS,0.0078965714201331,-0.0888458117842674
2025-12-24,YESBANK_NS,0.0044841011986136,-0.0672947466373443
2025-12-24,JSWSTEEL_NS,0.0037351241335272,-0.0048116534017026
2025-12-24,TATASTEEL_NS,0.0057546524330973,0.0048116534017026
2025-12-24,TATAPOWER_NS,0.0061695887707173,-0.0254989564418792
2025-12-24,TATAINVEST_NS,0.0084138652309775,-0.0751445665955543
2025-12-24,TATAELXSI_NS,0.0054966397583484,0.0232324954122304
2025-12-24,POWERINDIA_NS,-0.0020038513466715,-0.0088298600167036
2025-12-24,PREMIERENE_NS,0.004753490909934,-0.1369117349386215
2025-12-24,PRESTIGE_NS,0.0051517579704523,-0.0097011160105466
2025-12-24,RADICO_NS,0.0061729550361633,-0.1089044138789177
2025-12-24,RECLTD_NS,0.0053154649212956,0.0710338279604911
2025-12-24,RELIANCE_NS,0.0062142540700733,-0.0975810214877128
2025-12-24,RVNL_NS,0.0062073851004242,0.0144283277913928
2025-12-24,SAIL_NS,0.004411147441715,0.0474357120692729
2025-12-24,SBICARD_NS,0.0059032901190221,-0.0533480308949947
2025-12-24,SBILIFE_NS,0.0050401058979332,0.0709941610693931
2025-12-24,POLYCAB_NS,0.0043906904757022,-0.0463831089437007
2025-12-24,SBIN_NS,0.0036563761532306,0.0474101714789867
2025-12-24,SHRIRAMFIN_NS,0.0056501645594835,0.0731321647763252
2025-12-24,SIEMENS_NS,0.0019299715058878,0.005743081215769
2025-12-24,SOLARINDS_NS,0.0059587252326309,0.0961176604032516
2025-12-24,SRF_NS,0.0051350281573832,-0.0821548029780387
2025-12-24,SUNPHARMA_NS,0.0009433535160496,-0.0118985418230295
2025-12-24,SUPREMEIND_NS,0.0114625338464975,0.1105257421731948
2025-12-24,SUZLON_NS,0.0047327638603746,-0.0632108971476554
2025-12-24,SWIGGY_NS,0.0082904817536473,-0.1591256856918335
2025-12-24,TATACAP_NS,0.0063306717202067,0.074874497950077
2025-12-24,TATACONSUM_NS,0.0069921072572469,0.0195709392428398
2025-12-24,SHREECEM_NS,0.0112976897507905,0.0149913234636187
2025-12-24,ZYDUSLIFE_NS,0.0080891912803053,0.0192346107214689
2025-12-24,JSWENERGY_NS,0.0034453189000487,-0.033520758152008
2025-12-24,JINDALSTEL_NS,0.0045231292024254,-0.0393213890492916
2025-12-24,BDL_NS,0.0041932403109967,0.0658618360757827
2025-12-24,BEL_NS,0.004186111036688,0.1129607036709785
2025-12-24,BHARATFORG_NS,0.0056561487726867,0.0410564169287681
2025-12-24,BHARTIARTL_NS,0.0055990568362176,0.028060708194971
2025-12-24,BHEL_NS,0.0030398536473512,-0.0422618053853511
2025-12-24,BIOCON_NS,0.0050900913774967,-0.0405132956802845
2025-12-24,BLUESTARCO_NS,0.0085042463615536,0.0100340573117136
2025-12-24,BOSCHLTD_NS,0.0067174071446061,0.0386099368333816
2025-12-24,BPCL_NS,0.0055672479793429,0.0
2025-12-24,BRITANNIA_NS,0.0078243054449558,-0.0115292835980653
2025-12-24,BSE_NS,0.0015468323836103,0.0786806046962738
2025-12-24,CANBK_NS,0.0031911768019199,-0.0027335998602211
2025-12-24,CGPOWER_NS,0.0048630004748702,-0.1456396430730819
2025-12-24,CHOLAFIN_NS,0.0010952620068565,0.0106106782332062
2025-12-24,CIPLA_NS,0.0070013222284615,-0.0844451487064361
2025-12-24,COALINDIA_NS,0.0069256168790161,0.1122121214866638
2025-12-24,COCHINSHIP_NS,0.0051064048893749,-0.005743081215769
2025-12-24,COFORGE_NS,0.0027930550277233,-0.0250166784971952
2025-12-24,COLPAL_NS,0.0048008630983531,0.0411793924868106
2025-12-24,CONCOR_NS,0.0080521423369646,0.0327733121812343
2025-12-24,COROMANDEL_NS,0.005184301175177,0.0275374595075845
2025-12-24,BANKBARODA_NS,0.006029387935996,0.0027335998602211
2025-12-24,CUMMINSIND_NS,0.0054040802642703,-0.043484266847372
2025-12-24,BAJFINANCE_NS,0.0060820514336228,-0.0553605072200298
2025-12-24,BAJAJHLDNG_NS,0.0083114160224795,-0.0109209343791008
2025-12-24,JIOFIN_NS,0.0054090581834316,-0.0660766810178756
2025-12-24,360ONE_NS,0.005568791180849,-0.0258641839027404
2025-12-24,ABB_NS,0.0029608863405883,-0.0285219121724367
2025-12-24,ABCAPITAL_NS,0.0035792528651654,0.0497392043471336
2025-12-24,ADANIENSOL_NS,0.0059360181912779,-0.0977236554026603
2025-12-24,ADANIENT_NS,0.0066331112757325,-0.0373736396431922
2025-12-24,ADANIGREEN_NS,0.0062699909321963,-0.1767591089010238
2025-12-24,ADANIPORTS_NS,0.0059571065939962,-0.0117448158562183
2025-12-24,ADANIPOWER_NS,0.006313013844192,0.0
2025-12-24,ALKEM_NS,0.0043922513723373,0.0794542953372001
2025-12-24,AMBUJACEM_NS,0.0061416612006723,-0.054647110402584
2025-12-24,APLAPOLLO_NS,0.0047423313371837,-0.0147570762783288
2025-12-24,APOLLOHOSP_NS,0.0089115258306264,0.0196169856935739
2025-12-24,ASHOKLEY_NS,0.0075778206810355,0.1594990789890289
2025-12-24,ASIANPAINT_NS,-0.0021724738180637,0.0
2025-12-24,ASTRAL_NS,0.0058928807266056,0.0
2025-12-24,ATGL_NS,0.0041429647244513,0.0154495062306523
2025-12-24,AUBANK_NS,0.0068478439934551,-0.0467560365796089
2025-12-24,AUROPHARMA_NS,0.0038468390703201,-0.0235889833420515
2025-12-24,AXISBANK_NS,-0.0013671134365722,0.0345255546271801
2025-12-24,BAJAJFINSV_NS,0.0063014142215251,-0.0142824798822402
2025-12-24,BAJAJ_AUTO_NS,0.0062484573572874,0.1231717243790626
2025-12-24,DABUR_NS,0.0035643693991005,0.0581692084670066
2025-12-24,BANKINDIA_NS,0.0021891579963266,0.1188050583004951
2025-12-24,DIXON_NS,0.003353570587933,-0.0900674387812614
2025-12-24,HINDALCO_NS,0.0069740135222673,-0.0111658163368701
2025-12-24,HINDPETRO_NS,0.0034907218068838,-0.0920105651021003
2025-12-24,HINDUNILVR_NS,0.0024324567057192,0.0633448362350463
2025-12-24,HINDZINC_NS,0.0046919276937842,0.0337591543793678
2025-12-24,HUDCO_NS,0.0028868694789707,0.001240415032953
2025-12-24,HYUNDAI_NS,0.0065148351714015,0.0286144129931926
2025-12-24,ICICIAMC_NS,-0.0025894250720739,0.1187965497374534
2025-12-24,ICICIBANK_NS,0.0056997626088559,-0.0347418487071991
2025-12-24,ICICIGI_NS,0.0058699226938188,-0.0168338231742382
2025-12-24,IDEA_NS,0.0077569503337144,-0.0996704623103141
2025-12-24,HEROMOTOCO_NS,-0.0041672829538583,0.0058501120656728
2025-12-24,IDFCFIRSTB_NS,0.007425014860928,-0.0447409935295581
2025-12-24,INDIANB_NS,-0.0001606232253834,0.0845493599772453
2025-12-24,INDIGO_NS,-0.0038179643452167,0.025189820677042
2025-12-24,INDUSINDBK_NS,0.0053405533544719,0.0176869872957468
2025-12-24,INDUSTOWER_NS,0.0071113826707005,0.0982727706432342
2025-12-24,INFY_NS,0.0082857189700007,0.0296769719570875
2025-12-24,IOC_NS,0.0045316047035157,0.0093198101967573
2025-12-24,IRCTC_NS,0.007053205743432,-0.032660961151123
2025-12-24,IREDA_NS,0.0052065164782106,0.0195633526891469
2025-12-24,IRFC_NS,0.0059016132727265,-0.0128661748021841
2025-12-24,DIVISLAB_NS,0.0060344678349792,-0.0239783693104982
2025-12-24,INDHOTEL_NS,0.006432207301259,-0.0026277299039065
2025-12-24,HDFCLIFE_NS,0.0068476083688437,0.0168338231742382
2025-12-24,ITC_NS,0.0075184181332588,-0.2310956120491027
2025-12-24,DLF_NS,0.0070136971771717,0.0097011160105466
2025-12-24,HDFCBANK_NS,0.0054368772543966,-0.1095630154013633
2025-12-24,DMART_NS,0.0097739100456237,0.0904119312763214
2025-12-24,DRREDDY_NS,0.007206323556602,0.025481428951025
2025-12-24,EICHERMOT_NS,0.0056010563857853,0.0429177768528461
2025-12-24,ENRIN_NS,0.0009332845220342,-0.0839614421129226
2025-12-24,ETERNAL_NS,0.0068730441853404,-0.0265595074743032
2025-12-24,FEDERALBNK_NS,0.0057053919881582,0.049006137996912
2025-12-24,FORTIS_NS,0.0102178882807493,0.0
2025-12-24,GAIL_NS,0.0031225448474287,-0.0431102588772773
2025-12-24,GLENMARK_NS,0.0068413545377552,0.0360858291387558
2025-12-24,EXIDEIND_NS,0.0022861678153276,-0.0639797374606132
2025-12-24,GODFRYPHLP_NS,0.0079024974256753,-0.2430494725704193
2025-12-24,GODREJCP_NS,0.0075998473912477,-0.0028277456294745
2025-12-24,GODREJPROP_NS,0.0054939030669629,-0.13811656832695
2025-12-24,GRASIM_NS,0.0071602202951908,-0.0149913234636187
2025-12-24,HDFCAMC_NS,0.0037514008581638,-0.0407424829900264
2025-12-24,GROWW_NS,0.0053443377837538,0.1204179152846336
2025-12-24,GVT_D_NS,0.0046544470824301,-0.0583249367773532
2025-12-24,HAL_NS,0.0066312104463577,0.0572573691606521
2025-12-24,HAVELLS_NS,0.0074860509485006,-0.0230474025011062
2025-12-24,HCLTECH_NS,0.0068134092725813,0.0521656461060047
2025-12-24,GMRAIRPORT_NS,0.0004911759169772,-0.0272195693105459
2026-01-27,OBEROIRLTY_NS,-0.0077329184859991,0.0067115142010152
2026-01-27,M_M_NS,0.0001386889489367,-0.0594345889985561
2026-01-27,NATIONALUM_NS,0.0062931841239333,-0.1046841964125633
2026-01-27,NAUKRI_NS,0.0060636806301772,-0.230395883321762
2026-01-27,NESTLEIND_NS,0.0024715065956115,-0.003497956553474
2026-01-27,NHPC_NS,-0.0031725289300084,-0.0826870575547218
2026-01-27,NMDC_NS,0.0012306693242862,0.0170625895261764
2026-01-27,NTPC_NS,0.0018064352916553,0.0102114072069525
2026-01-27,NYKAA_NS,-0.0058782105334103,0.0720276832580566
2026-01-27,OFSS_NS,0.0081909773871302,0.03035718947649
2026-01-27,PNB_NS,0.0048881717957556,0.0142255034297704
2026-01-27,ONGC_NS,0.0055758492089807,0.0442288815975189
2026-01-27,PAGEIND_NS,0.0071529671549797,-0.0379828102886676
2026-01-27,PATANJALI_NS,-0.0014167799381539,0.0064458819106221
2026-01-27,PAYTM_NS,-0.0010511832078918,-0.0580706037580966
2026-01-27,PERSISTENT_NS,0.0061849830672144,-0.051327746361494
2026-01-27,PFC_NS,-0.0036312462761998,0.1091563329100608
2026-01-27,PHOENIXLTD_NS,-0.0103207239881157,-0.04716532304883
2026-01-27,PIDILITIND_NS,0.0023266142234206,0.0596447065472602
2026-01-27,PIIND_NS,0.006087003275752,0.0066708968952298
2026-01-27,M_MFIN_NS,0.001671944395639,0.0093211755156517
2026-01-27,OIL_NS,0.0049047782085835,-0.0290214512497186
2026-01-27,MUTHOOTFIN_NS,0.0061695971526205,-0.1572772562503814
2026-01-27,KALYANKJIL_NS,-0.0127116842195391,0.0472023524343967
2026-01-27,MPHASIS_NS,0.0053090993314981,0.0041689616627991
2026-01-27,POLICYBZR_NS,0.0022115181200206,-0.0989474058151245
2026-01-27,KEI_NS,-0.0099049136042594,0.2341838628053665
2026-01-27,KOTAKBANK_NS,0.001741190557368,-0.0066862711682915
2026-01-27,KPITTECH_NS,0.0047598141245543,-0.1127334311604499
2026-01-27,LAURUSLABS_NS,-0.004622999113053,0.0188305713236331
2026-01-27,LENSKART_NS,0.0024595791473984,0.1230231374502182
2026-01-27,LGEINDIA_NS,0.0074836844578385,0.0844516679644584
2026-01-27,LICHSGFIN_NS,0.0042581111192703,0.0111688068136572
2026-01-27,LODHA_NS,-0.0003986078081652,0.0925233140587806
2026-01-27,LTF_NS,9.433052036911248e-05,0.0327156819403171
2026-01-27,MRF_NS,0.0022941902279853,-0.0046795913949608
2026-01-27,LTM_NS,-0.0041811866685748,-0.1318823099136352
2026-01-27,LUPIN_NS,0.006542625837028,0.0092665590345859
2026-01-27,MANKIND_NS,0.0010796432616189,-0.0256012231111526
2026-01-27,MARICO_NS,0.0054628611542284,0.0538731887936592
2026-01-27,MARUTI_NS,-0.0023026643320918,-0.0993924960494041
2026-01-27,MAXHEALTH_NS,0.0061517874710261,0.0
2026-01-27,MAZDOCK_NS,0.0021710591390728,-0.1543680429458618
2026-01-27,MCX_NS,0.0066606481559574,-0.0459505915641784
2026-01-27,MFSL_NS,0.0021472433581948,0.1036810576915741
2026-01-27,MOTHERSON_NS,-0.0043343813158571,0.1068292781710624
2026-01-27,MOTILALOFS_NS,0.0044853389263153,-0.019060481339693
2026-01-27,LT_NS,-0.0066034160554409,0.0581168681383132
2026-01-27,POLYCAB_NS,-0.0020165797322988,0.0952546969056129
2026-01-27,ZYDUSLIFE_NS,0.0044773160479962,-0.0255303271114826
2026-01-27,POWERINDIA_NS,0.0058183204382658,0.3735625743865967
2026-01-27,TCS_NS,0.0042679416947066,0.0384410247206687
2026-01-27,TECHM_NS,0.0064431466162204,-0.026342187076807
2026-01-27,TIINDIA_NS,0.0074531463906168,0.0920958369970321
2026-01-27,TITAN_NS,0.0024036881513893,0.0309820026159286
2026-01-27,TMCV_NS,0.0060492395423352,0.0490686632692813
2026-01-27,TMPV_NS,-0.000883488333784,0.0856603533029556
2026-01-27,TORNTPHARM_NS,0.0071291290223598,0.0525349304080009
2026-01-27,TRENT_NS,-0.0002973800292238,-0.0149951176717877
2026-01-27,TVSMOTOR_NS,0.0001449236879125,0.0092960689216852
2026-01-27,ULTRACEMCO_NS,0.0060510919429361,0.0379674099385738
2026-01-27,UNIONBANK_NS,0.0065957088954746,0.0831495523452758
2026-01-27,UNITDSPR_NS,0.0038652280345559,0.0500024445354938
2026-01-27,UPL_NS,-0.0090144714340567,-0.109366662800312
2026-01-27,VBL_NS,0.0047616753727197,-0.0582605563104152
2026-01-27,VEDL_NS,0.0067301895469427,-0.0192830990999937
2026-01-27,VMM_NS,0.0020102220587432,-0.0453388690948486
2026-01-27,VOLTAS_NS,-0.0028107357211411,0.0197409894317388
2026-01-27,WAAREEENER_NS,0.0045265760272741,-0.0238830242305994
2026-01-27,WIPRO_NS,-0.0049397842958569,0.0707997381687164
2026-01-27,YESBANK_NS,0.002336757723242,-0.0600513964891433
2026-01-27,JUBLFOOD_NS,0.007175788283348,0.0110627319663763
2026-01-27,TATASTEEL_NS,0.006291814148426,0.0595361068844795
2026-01-27,TATAPOWER_NS,0.0009411374339833,-0.0156475752592086
2026-01-27,TATAINVEST_NS,0.0031527304090559,0.0573577135801315
2026-01-27,TATAELXSI_NS,0.004674173425883,0.0535331517457962
2026-01-27,PREMIERENE_NS,0.0091473432257771,0.0015377784147858
2026-01-27,PRESTIGE_NS,0.0020171240903437,-0.0067115142010152
2026-01-27,RADICO_NS,0.002304668072611,-0.0961035192012786
2026-01-27,RECLTD_NS,-0.0023210016079247,-0.074379026889801
2026-01-27,RELIANCE_NS,-0.0034235012717545,-0.0784893706440925
2026-01-27,RVNL_NS,0.0004580608801916,-0.0848706811666488
2026-01-27,SAIL_NS,0.0014076825464144,0.0080161429941654
2026-01-27,SBICARD_NS,-0.0019526368705555,0.0009355605579912
2026-01-27,SBILIFE_NS,0.003323221579194,-0.0046062925830483
2026-01-27,SBIN_NS,0.0070800348185002,0.0849427729845047
2026-01-27,POWERGRID_NS,0.0030043884180486,0.0924950912594795
2026-01-27,SHREECEM_NS,0.0028353338129818,-0.0104350848123431
2026-01-27,SIEMENS_NS,0.0054239789023995,0.0316423960030078
2026-01-27,SOLARINDS_NS,0.0023489692248404,-0.0620544739067554
2026-01-27,SRF_NS,-0.0116141960024833,0.0
2026-01-27,SUNPHARMA_NS,0.0002754015149548,0.0256016999483108
2026-01-27,SUPREMEIND_NS,0.000643914216198,0.0477208569645881
2026-01-27,SUZLON_NS,0.0007001241901889,-0.0874939188361167
2026-01-27,SWIGGY_NS,0.0056735756807029,-0.044459942728281
2026-01-27,TATACAP_NS,0.0061812344938516,-0.0399424061179161
2026-01-27,TATACOMM_NS,-0.0068085566163063,-0.020758468657732
2026-01-27,TATACONSUM_NS,0.005818196106702,-0.0369856096804142
2026-01-27,SHRIRAMFIN_NS,0.0052323257550597,0.0225884616374969
2026-01-27,JSWSTEEL_NS,0.0026579205878078,-0.0080161429941654
2026-01-27,360ONE_NS,0.0027698022313416,-0.0426496937870979
2026-01-27,JIOFIN_NS,-0.0025225928984582,-0.0252967346459627
2026-01-27,BEL_NS,0.0044129323214292,-0.0602996461093425
2026-01-27,BHARATFORG_NS,-0.0003032208187505,0.2066017687320709
2026-01-27,BHARTIARTL_NS,0.001061571878381,-0.0977222993969917
2026-01-27,BHEL_NS,-0.002836471889168,-0.0589817464351654
2026-01-27,BIOCON_NS,0.0034038554877042,0.0259082149714231
2026-01-27,BLUESTARCO_NS,0.0030298512428998,0.0375787131488323
2026-01-27,BOSCHLTD_NS,0.0004527807468548,-0.0527849048376083
2026-01-27,BPCL_NS,0.0018830021144822,0.0004493181186262
2026-01-27,BRITANNIA_NS,0.0033536241389811,0.0209881793707609
2026-01-27,BSE_NS,0.0064774616621434,-0.0546150542795658
2026-01-27,CANBK_NS,0.0059601753018796,-0.0188296269625425
2026-01-27,CGPOWER_NS,0.0063734669238328,0.1832271814346313
2026-01-27,CHOLAFIN_NS,0.0001354288542643,0.0096469642594456
2026-01-27,CIPLA_NS,-0.0036732186563313,-0.0296481922268867
2026-01-27,COALINDIA_NS,0.004839785862714,-0.0580340139567852
2026-01-27,COCHINSHIP_NS,-0.0022589256986975,-0.1365194767713546
2026-01-27,COFORGE_NS,0.0039476985111832,-0.0923416391015052
2026-01-27,COLPAL_NS,0.0064509445801377,0.0284886583685874
2026-01-27,CONCOR_NS,-0.0043023028410971,-0.0305314660072326
2026-01-27,COROMANDEL_NS,0.0051305517554283,-0.0015377784147858
2026-01-27,CUMMINSIND_NS,0.0019803438335657,0.114416629076004
2026-01-27,BDL_NS,7.277179975062609e-05,-0.2804608047008514
2026-01-27,DABUR_NS,0.0015983056509867,-0.0140132065862417
2026-01-27,BANKINDIA_NS,0.0070740673691034,0.0276258047670125
2026-01-27,BAJFINANCE_NS,0.0061665228568017,0.0512193627655506
2026-01-27,ABB_NS,-0.0008001028327271,0.155219480395317
2026-01-27,ABCAPITAL_NS,0.0045418441295623,-0.0468052700161933
2026-01-27,ADANIENSOL_NS,-0.0061731613241136,0.0688754916191101
2026-01-27,ADANIENT_NS,-0.0029335957951843,0.1012686640024185
2026-01-27,ADANIGREEN_NS,-0.005889946129173,0.0801417753100395
2026-01-27,ADANIPORTS_NS,-0.0004617300583049,0.0457055382430553
2026-01-27,ADANIPOWER_NS,0.00381700694561,-0.0636911764740943
2026-01-27,ALKEM_NS,0.0045576062984764,-0.0691902041435241
2026-01-27,AMBUJACEM_NS,0.0026100077666342,-0.0378554388880729
2026-01-27,APLAPOLLO_NS,0.0034865057095885,0.0287999399006366
2026-01-27,APOLLOHOSP_NS,-0.0007290564244613,0.0280641969293355
2026-01-27,ASHOKLEY_NS,0.0044310535304248,0.0042078457772731
2026-01-27,ASIANPAINT_NS,0.0036576292477548,-0.0565521642565727
2026-01-27,ASTRAL_NS,0.0032080179080367,0.0
2026-01-27,ATGL_NS,0.0044224462471902,-0.0483169443905353
2026-01-27,AUBANK_NS,0.003470997326076,-0.0266076512634754
2026-01-27,AUROPHARMA_NS,0.0017422159435227,0.0153620913624763
2026-01-27,AXISBANK_NS,0.0023398473858833,0.0184915233403444
2026-01-27,BAJAJFINSV_NS,0.0049459068104624,0.0076005100272595
2026-01-27,BAJAJHLDNG_NS,0.0050359633751213,-0.0076005100272595
2026-01-27,BAJAJ_AUTO_NS,0.0028117359615862,0.0329834073781967
2026-01-27,BANKBARODA_NS,0.0056382301263511,-0.0008359750499948
2026-01-27,DIVISLAB_NS,0.0002020319225266,0.0
2026-01-27,JSWENERGY_NS,0.0020204577594995,0.0
2026-01-27,DLF_NS,-0.0009436731925234,-0.0244163274765014
2026-01-27,HINDUNILVR_NS,0.0037304898723959,-0.035075556486845
2026-01-27,HINDZINC_NS,0.006223764270544,-0.2114889919757843
2026-01-27,HUDCO_NS,0.0003795392112806,-0.0624164268374443
2026-01-27,HYUNDAI_NS,0.0065410640090703,-0.0136907724663615
2026-01-27,ICICIAMC_NS,0.0006823359290137,0.1094567030668258
2026-01-27,ICICIBANK_NS,0.0021585044451057,-0.0173606779426336
2026-01-27,ICICIGI_NS,0.000233412371017,0.0494425110518932
2026-01-27,IDEA_NS,-0.0002726166276261,0.020758468657732
2026-01-27,DIXON_NS,0.0101306587457656,-0.0280526261776685
2026-01-27,INDHOTEL_NS,-0.0010616787476465,-0.0097050918266177
2026-01-27,INDIANB_NS,0.0044322996400296,0.0693780183792114
2026-01-27,INDIGO_NS,0.0053595006465911,0.0079199215397238
2026-01-27,INDUSINDBK_NS,0.0057248775847256,0.0008359750499948
2026-01-27,INDUSTOWER_NS,0.0042726844549179,0.0212198588997125
2026-01-27,INFY_NS,0.0060158772394061,-0.044017631560564
2026-01-27,IOC_NS,0.0036205071955919,0.0499312542378902
2026-01-27,IRCTC_NS,0.0007119533838704,-0.0654220208525657
2026-01-27,IREDA_NS,0.0021161884069442,-0.055461298674345
2026-01-27,IRFC_NS,-0.0013103041565045,-0.1505453139543533
2026-01-27,ITC_NS,0.0088922828435897,0.0
2026-01-27,JINDALSTEL_NS,0.0039611547254025,0.1081747934222221
2026-01-27,HINDPETRO_NS,-0.0026788129471242,-0.0509032718837261
2026-01-27,HINDALCO_NS,0.0069639333523809,-0.0762218385934829
2026-01-27,IDFCFIRSTB_NS,0.0028010127134621,-0.218889832496643
2026-01-27,HDFCLIFE_NS,0.0020270934328436,-0.0009355605579912
2026-01-27,HEROMOTOCO_NS,0.0015588618116453,-0.0042078457772731
2026-01-27,DRREDDY_NS,-0.0010285949101671,-0.0021434116642922
2026-01-27,EICHERMOT_NS,-0.0022968417033553,0.0234558414667844
2026-01-27,ENRIN_NS,0.0107463784515857,0.2895282804965973
2026-01-27,ETERNAL_NS,0.0066444375552237,-0.0432885847985744
2026-01-27,EXIDEIND_NS,0.0019423543708398,-0.0451519601047039
2026-01-27,FEDERALBNK_NS,-0.0020573530346155,0.0027878226246684
2026-01-27,FORTIS_NS,0.0004350958624854,-0.0048024035058915
2026-01-27,GAIL_NS,0.0049890573136508,0.0
2026-01-27,GLENMARK_NS,0.0020465017296373,-0.012773391790688
2026-01-27,GMRAIRPORT_NS,-0.0030206539668142,0.0305314660072326
2026-01-27,DMART_NS,0.0074474047869443,0.0097050918266177
2026-01-27,GODREJCP_NS,0.0059623690322041,0.0328309759497642
2026-01-27,GODREJPROP_NS,-0.0053226239979267,0.1421162784099578
2026-01-27,GRASIM_NS,0.0022182185202836,0.0104350848123431
2026-01-27,GROWW_NS,0.0069021838717162,-0.0556258782744407
2026-01-27,GVT_D_NS,-0.0003274389309808,0.3056349158287048
2026-01-27,HAL_NS,0.0039103310555219,-0.1939366459846496
2026-01-27,HAVELLS_NS,-0.0036058090627193,-0.0197409894317388
2026-01-27,HCLTECH_NS,0.0059701376594603,0.0
2026-01-27,HDFCAMC_NS,0.0034954245202243,0.0599232465028762
2026-01-27,HDFCBANK_NS,0.0022578532807528,-0.0661787986755371
2026-01-27,GODFRYPHLP_NS,0.0045026484876871,0.0082238782197237
